-- Generated by Craft v2.1.2570 on Mar 12, 2015 12:52:21 PM.

--
-- Disable foreign key checks and autocommit.
--

SET FOREIGN_KEY_CHECKS = 0;
SET SQL_MODE = "NO_AUTO_VALUE_ON_ZERO";
SET AUTOCOMMIT = 0;
SET NAMES utf8;


DROP TABLE IF EXISTS `craft_assetfiles`;


--
-- Schema for table `craft_assetfiles`
--
CREATE TABLE `craft_assetfiles` (
  `id` int(11) NOT NULL,
  `sourceId` int(11) DEFAULT NULL,
  `folderId` int(11) NOT NULL,
  `filename` varchar(255) COLLATE utf8_unicode_ci NOT NULL,
  `kind` varchar(50) COLLATE utf8_unicode_ci NOT NULL DEFAULT 'unknown',
  `width` smallint(6) unsigned DEFAULT NULL,
  `height` smallint(6) unsigned DEFAULT NULL,
  `size` int(11) unsigned DEFAULT NULL,
  `dateModified` datetime DEFAULT NULL,
  `dateCreated` datetime NOT NULL,
  `dateUpdated` datetime NOT NULL,
  `uid` char(36) COLLATE utf8_unicode_ci NOT NULL DEFAULT '0',
  PRIMARY KEY (`id`),
  UNIQUE KEY `craft_assetfiles_filename_folderId_unq_idx` (`filename`,`folderId`),
  KEY `craft_assetfiles_sourceId_fk` (`sourceId`),
  KEY `craft_assetfiles_folderId_fk` (`folderId`)
) ENGINE=InnoDB DEFAULT CHARSET=utf8 COLLATE=utf8_unicode_ci;

--
-- Data for table `craft_assetfiles`
--

INSERT INTO `craft_assetfiles` (`id`, `sourceId`, `folderId`, `filename`, `kind`, `width`, `height`, `size`, `dateModified`, `dateCreated`, `dateUpdated`, `uid`) VALUES ('4', '1', '1', 'Discovery_FastNLoud_Kraft.mp4', 'video', NULL, NULL, '12879698', '2014-04-29 19:47:47', '2014-04-29 22:38:04', '2014-05-15 12:23:52', 'e17bbf3e-f211-41be-8e85-226bf8b1e68c');
INSERT INTO `craft_assetfiles` (`id`, `sourceId`, `folderId`, `filename`, `kind`, `width`, `height`, `size`, `dateModified`, `dateCreated`, `dateUpdated`, `uid`) VALUES ('7', '2', '2', 'Discovery 3 Days to Kill.jpg', 'image', '940', '529', '226433', '2014-04-26 14:58:18', '2014-04-29 23:15:49', '2014-05-15 12:23:50', '95bbd657-117a-4cc0-93f3-1e55cffafd14');
INSERT INTO `craft_assetfiles` (`id`, `sourceId`, `folderId`, `filename`, `kind`, `width`, `height`, `size`, `dateModified`, `dateCreated`, `dateUpdated`, `uid`) VALUES ('8', '2', '2', 'Discovery FastNLoud Kraft.jpg', 'image', '940', '529', '257326', '2014-04-26 14:58:24', '2014-04-29 23:15:49', '2014-05-15 12:23:52', '9eeb99a0-9596-4bf2-b41b-7b7501abeaf3');
INSERT INTO `craft_assetfiles` (`id`, `sourceId`, `folderId`, `filename`, `kind`, `width`, `height`, `size`, `dateModified`, `dateCreated`, `dateUpdated`, `uid`) VALUES ('9', '2', '2', 'Discovery Playstation.jpg', 'image', '940', '529', '351855', '2014-04-26 14:58:31', '2014-04-29 23:15:50', '2014-05-15 12:23:52', 'aecc3e87-51ae-467e-9ad7-c8c0e4296c3f');
INSERT INTO `craft_assetfiles` (`id`, `sourceId`, `folderId`, `filename`, `kind`, `width`, `height`, `size`, `dateModified`, `dateCreated`, `dateUpdated`, `uid`) VALUES ('10', '2', '2', 'Doomsday_PSA_Power_30_Website Reel.jpg', 'image', '940', '529', '559434', '2014-04-26 14:58:35', '2014-04-29 23:15:50', '2014-05-15 12:23:53', '8de931f9-fd8a-406b-9e27-b974ca0c754e');
INSERT INTO `craft_assetfiles` (`id`, `sourceId`, `folderId`, `filename`, `kind`, `width`, `height`, `size`, `dateModified`, `dateCreated`, `dateUpdated`, `uid`) VALUES ('11', '2', '2', 'Doomsday_PSA_Weather_30_Website Reel.jpg', 'image', '940', '529', '289381', '2014-04-26 14:58:38', '2014-04-29 23:15:50', '2014-05-15 12:23:54', 'c42038f5-8fba-4021-8db3-9cc66416bf1f');
INSERT INTO `craft_assetfiles` (`id`, `sourceId`, `folderId`, `filename`, `kind`, `width`, `height`, `size`, `dateModified`, `dateCreated`, `dateUpdated`, `uid`) VALUES ('12', '2', '2', 'LAO_SVU_Launch-WB Web Settings.jpg', 'image', '940', '529', '206539', '2014-04-26 14:57:14', '2014-04-29 23:15:51', '2014-05-15 12:23:54', '659b39e6-9a83-49d8-b46a-cf5ce798d69a');
INSERT INTO `craft_assetfiles` (`id`, `sourceId`, `folderId`, `filename`, `kind`, `width`, `height`, `size`, `dateModified`, `dateCreated`, `dateUpdated`, `uid`) VALUES ('13', '2', '2', 'TBS_Target_Cougartown_Design.jpg', 'image', '940', '529', '304739', '2014-04-26 14:57:25', '2014-04-29 23:15:51', '2014-05-15 12:23:54', '5e06540f-c379-4601-b31b-3603449c965c');
INSERT INTO `craft_assetfiles` (`id`, `sourceId`, `folderId`, `filename`, `kind`, `width`, `height`, `size`, `dateModified`, `dateCreated`, `dateUpdated`, `uid`) VALUES ('14', '2', '2', 'TBS_Target_Cougartown_Laurie.jpg', 'image', '940', '529', '386857', '2014-04-26 14:57:30', '2014-04-29 23:15:51', '2014-05-15 12:23:55', 'b47a96ea-0264-4487-9cbe-7de0517379ba');
INSERT INTO `craft_assetfiles` (`id`, `sourceId`, `folderId`, `filename`, `kind`, `width`, `height`, `size`, `dateModified`, `dateCreated`, `dateUpdated`, `uid`) VALUES ('15', '2', '2', 'TBS_Target_Cougartown_Promo.jpg', 'image', '940', '529', '387844', '2014-04-26 14:57:36', '2014-04-29 23:15:52', '2014-05-15 12:23:55', '5e550921-fb0e-4f3c-a019-c4f1304f3c4b');
INSERT INTO `craft_assetfiles` (`id`, `sourceId`, `folderId`, `filename`, `kind`, `width`, `height`, `size`, `dateModified`, `dateCreated`, `dateUpdated`, `uid`) VALUES ('16', '2', '2', 'TLC Arm and Hammer.jpg', 'image', '940', '529', '245944', '2014-04-26 14:57:40', '2014-04-29 23:15:52', '2014-05-15 12:23:55', '98df142f-c034-4c96-887b-31182af5309b');
INSERT INTO `craft_assetfiles` (`id`, `sourceId`, `folderId`, `filename`, `kind`, `width`, `height`, `size`, `dateModified`, `dateCreated`, `dateUpdated`, `uid`) VALUES ('17', '2', '2', 'TLC Going the Distance Hybrid.jpg', 'image', '940', '529', '229362', '2014-04-26 14:57:45', '2014-04-29 23:15:52', '2014-05-15 12:23:56', '970d54f9-1d1a-4041-a97b-30caf099c243');
INSERT INTO `craft_assetfiles` (`id`, `sourceId`, `folderId`, `filename`, `kind`, `width`, `height`, `size`, `dateModified`, `dateCreated`, `dateUpdated`, `uid`) VALUES ('18', '2', '2', 'TLC Going the Distance Promo.jpg', 'image', '940', '529', '262396', '2014-04-26 14:57:50', '2014-04-29 23:15:53', '2014-05-15 12:23:56', '13721298-fa5e-426c-b949-c0639fa7c8dd');
INSERT INTO `craft_assetfiles` (`id`, `sourceId`, `folderId`, `filename`, `kind`, `width`, `height`, `size`, `dateModified`, `dateCreated`, `dateUpdated`, `uid`) VALUES ('19', '2', '2', 'TLC Toyota Venza_Website Reel.jpg', 'image', '940', '529', '326471', '2014-04-26 14:57:55', '2014-04-29 23:15:53', '2014-05-15 12:23:56', 'b64f54b2-fad6-40c9-9955-a8e9b6f507e0');
INSERT INTO `craft_assetfiles` (`id`, `sourceId`, `folderId`, `filename`, `kind`, `width`, `height`, `size`, `dateModified`, `dateCreated`, `dateUpdated`, `uid`) VALUES ('20', '2', '2', 'TLC_KLEENEX-Website Reel.jpg', 'image', '940', '529', '250838', '2014-04-26 14:58:02', '2014-04-29 23:15:53', '2014-05-15 12:23:57', '0494cce7-d160-4e9c-883a-994d0fb6313b');
INSERT INTO `craft_assetfiles` (`id`, `sourceId`, `folderId`, `filename`, `kind`, `width`, `height`, `size`, `dateModified`, `dateCreated`, `dateUpdated`, `uid`) VALUES ('21', '2', '2', 'Uproar Auditions PSA_Website.jpg', 'image', '940', '529', '207443', '2014-04-26 14:58:08', '2014-04-29 23:15:54', '2014-05-15 12:23:57', 'c63ae5d2-0640-45e8-a8a0-a7445113fe5f');
INSERT INTO `craft_assetfiles` (`id`, `sourceId`, `folderId`, `filename`, `kind`, `width`, `height`, `size`, `dateModified`, `dateCreated`, `dateUpdated`, `uid`) VALUES ('22', '2', '2', 'Velocity Vinsetta.jpg', 'image', '940', '529', '363577', '2014-04-26 14:58:14', '2014-04-29 23:15:54', '2014-05-15 12:23:57', '96b2d210-4346-4e88-98bd-a864f02f334b');
INSERT INTO `craft_assetfiles` (`id`, `sourceId`, `folderId`, `filename`, `kind`, `width`, `height`, `size`, `dateModified`, `dateCreated`, `dateUpdated`, `uid`) VALUES ('24', '3', '3', 'logo-wb.png', 'image', '573', '599', '27503', '2014-05-04 15:47:45', '2014-05-04 15:47:46', '2014-05-23 01:44:58', '400a68dc-fe4a-4a36-a41a-0e42ccfafb5a');
INSERT INTO `craft_assetfiles` (`id`, `sourceId`, `folderId`, `filename`, `kind`, `width`, `height`, `size`, `dateModified`, `dateCreated`, `dateUpdated`, `uid`) VALUES ('32', '4', '4', 'landing.webm', 'video', NULL, NULL, '7591752', '2014-05-06 23:54:32', '2014-05-06 23:56:24', '2014-05-15 12:23:51', '5d08a80a-c511-4bde-a96f-8f4b5c4ce6ea');
INSERT INTO `craft_assetfiles` (`id`, `sourceId`, `folderId`, `filename`, `kind`, `width`, `height`, `size`, `dateModified`, `dateCreated`, `dateUpdated`, `uid`) VALUES ('33', '5', '5', 'ogg-sample.ogg', 'audio', NULL, NULL, '438268', '2014-05-10 13:54:15', '2014-05-10 14:29:55', '2014-05-15 12:23:51', '296e1274-97aa-4a6d-95bd-3dfef8f897a8');
INSERT INTO `craft_assetfiles` (`id`, `sourceId`, `folderId`, `filename`, `kind`, `width`, `height`, `size`, `dateModified`, `dateCreated`, `dateUpdated`, `uid`) VALUES ('35', '1', '1', 'Denizen_V4.mp4', 'video', NULL, NULL, '874765', '2014-05-15 12:22:48', '2014-05-15 12:23:51', '2014-05-15 12:23:51', 'cfe9a6d6-1118-4452-a186-66671daf2206');
INSERT INTO `craft_assetfiles` (`id`, `sourceId`, `folderId`, `filename`, `kind`, `width`, `height`, `size`, `dateModified`, `dateCreated`, `dateUpdated`, `uid`) VALUES ('36', '5', '5', 'ogg-sample.ogv', 'video', NULL, NULL, '438268', '2014-05-10 13:54:15', '2014-05-15 12:23:52', '2014-05-15 12:23:52', '9df154c0-dab7-4c46-ae75-98ad79610b8b');
INSERT INTO `craft_assetfiles` (`id`, `sourceId`, `folderId`, `filename`, `kind`, `width`, `height`, `size`, `dateModified`, `dateCreated`, `dateUpdated`, `uid`) VALUES ('41', '1', '1', 'Discovery_3_Days_to_Kill.mp4', 'video', NULL, NULL, '12173496', '2014-05-17 13:35:41', '2014-05-17 13:35:42', '2014-05-17 13:35:42', 'c01f9672-0778-41f9-9379-636821d98a39');
INSERT INTO `craft_assetfiles` (`id`, `sourceId`, `folderId`, `filename`, `kind`, `width`, `height`, `size`, `dateModified`, `dateCreated`, `dateUpdated`, `uid`) VALUES ('42', '1', '1', 'Discovery_Playstation.mp4', 'video', NULL, NULL, '8405416', '2014-05-17 13:39:20', '2014-05-17 13:39:21', '2014-05-17 13:39:21', 'cda1d96f-6c95-4e28-89c3-c8a5ab77920b');
INSERT INTO `craft_assetfiles` (`id`, `sourceId`, `folderId`, `filename`, `kind`, `width`, `height`, `size`, `dateModified`, `dateCreated`, `dateUpdated`, `uid`) VALUES ('44', '1', '1', 'LAO_SVU_Launch-WB_Web_Settings.mp4', 'video', NULL, NULL, '11797339', '2014-05-17 13:46:29', '2014-05-17 13:46:36', '2014-05-17 13:46:36', '105303ad-f5c4-47f8-a396-904db378ff46');
INSERT INTO `craft_assetfiles` (`id`, `sourceId`, `folderId`, `filename`, `kind`, `width`, `height`, `size`, `dateModified`, `dateCreated`, `dateUpdated`, `uid`) VALUES ('46', '1', '1', 'Uproar_Auditions_PSA_Website.mp4', 'video', NULL, NULL, '10837062', '2014-05-17 14:15:09', '2014-05-17 14:15:13', '2014-05-17 14:15:13', '45c49032-522a-4cd6-935c-462aa13c37f4');
INSERT INTO `craft_assetfiles` (`id`, `sourceId`, `folderId`, `filename`, `kind`, `width`, `height`, `size`, `dateModified`, `dateCreated`, `dateUpdated`, `uid`) VALUES ('48', '3', '3', '20thTV_white.png', 'image', '1787', '1812', '546746', '2014-05-22 22:23:00', '2014-05-23 01:44:56', '2014-05-23 01:44:57', 'ca999e22-3647-4640-a8f8-a4b69b4c9274');
INSERT INTO `craft_assetfiles` (`id`, `sourceId`, `folderId`, `filename`, `kind`, `width`, `height`, `size`, `dateModified`, `dateCreated`, `dateUpdated`, `uid`) VALUES ('49', '3', '3', 'NBCUTD_white_logo.png', 'image', '364', '88', '13240', '2014-05-22 22:52:00', '2014-05-23 01:44:57', '2014-05-23 01:44:57', 'f97b1f48-ad99-4f36-bc59-a26363a85d0c');
INSERT INTO `craft_assetfiles` (`id`, `sourceId`, `folderId`, `filename`, `kind`, `width`, `height`, `size`, `dateModified`, `dateCreated`, `dateUpdated`, `uid`) VALUES ('50', '3', '3', 'Nat_Geo_Wild_logo_white.png', 'image', '1216', '437', '24240', '2014-05-22 22:11:00', '2014-05-23 01:44:57', '2014-05-23 01:44:57', '6000c9e3-0067-4ef6-a421-1d1fe890388e');
INSERT INTO `craft_assetfiles` (`id`, `sourceId`, `folderId`, `filename`, `kind`, `width`, `height`, `size`, `dateModified`, `dateCreated`, `dateUpdated`, `uid`) VALUES ('51', '3', '3', 'TWC_white.png', 'image', '738', '740', '30898', '2014-05-22 22:11:00', '2014-05-23 01:44:58', '2014-05-23 01:44:58', '05da4727-67d4-4adf-a415-a952300dfeda');
INSERT INTO `craft_assetfiles` (`id`, `sourceId`, `folderId`, `filename`, `kind`, `width`, `height`, `size`, `dateModified`, `dateCreated`, `dateUpdated`, `uid`) VALUES ('52', '3', '3', 'Velocity_white.png', 'image', '640', '386', '9439', '2014-05-22 22:11:00', '2014-05-23 01:44:58', '2014-05-23 01:44:58', '0d6adcc3-858d-4298-9eb6-7555cd7f9c45');
INSERT INTO `craft_assetfiles` (`id`, `sourceId`, `folderId`, `filename`, `kind`, `width`, `height`, `size`, `dateModified`, `dateCreated`, `dateUpdated`, `uid`) VALUES ('59', '2', '2', 'denizen-cave.png', 'image', '1434', '823', '1025360', '2014-05-29 13:46:06', '2014-05-29 13:46:18', '2014-05-29 13:46:18', '64713a20-4191-44dd-a62a-297d94a51629');



DROP TABLE IF EXISTS `craft_assetfolders`;


--
-- Schema for table `craft_assetfolders`
--
CREATE TABLE `craft_assetfolders` (
  `id` int(11) NOT NULL AUTO_INCREMENT,
  `parentId` int(11) DEFAULT NULL,
  `sourceId` int(11) DEFAULT NULL,
  `name` varchar(255) COLLATE utf8_unicode_ci NOT NULL,
  `path` varchar(255) COLLATE utf8_unicode_ci DEFAULT NULL,
  `dateCreated` datetime NOT NULL,
  `dateUpdated` datetime NOT NULL,
  `uid` char(36) COLLATE utf8_unicode_ci NOT NULL DEFAULT '0',
  PRIMARY KEY (`id`),
  UNIQUE KEY `craft_assetfolders_name_parentId_sourceId_unq_idx` (`name`,`parentId`,`sourceId`),
  KEY `craft_assetfolders_parentId_fk` (`parentId`),
  KEY `craft_assetfolders_sourceId_fk` (`sourceId`)
) ENGINE=InnoDB AUTO_INCREMENT=6 DEFAULT CHARSET=utf8 COLLATE=utf8_unicode_ci;

--
-- Data for table `craft_assetfolders`
--

INSERT INTO `craft_assetfolders` (`id`, `parentId`, `sourceId`, `name`, `path`, `dateCreated`, `dateUpdated`, `uid`) VALUES ('1', NULL, '1', 'mp4', '', '2014-04-29 22:36:04', '2014-05-04 15:43:07', '74af8bf9-c3c9-4ae6-99e1-4b3c54c2aa5d');
INSERT INTO `craft_assetfolders` (`id`, `parentId`, `sourceId`, `name`, `path`, `dateCreated`, `dateUpdated`, `uid`) VALUES ('2', NULL, '2', 'Thumbnails', '', '2014-04-29 23:13:58', '2014-04-29 23:13:58', 'd5f5ec5a-0ae4-4182-8987-85ae3807b2d0');
INSERT INTO `craft_assetfolders` (`id`, `parentId`, `sourceId`, `name`, `path`, `dateCreated`, `dateUpdated`, `uid`) VALUES ('3', NULL, '3', 'Logos', '', '2014-05-04 15:41:05', '2014-05-04 15:41:05', '1a193dd6-20ba-4032-9061-6b906c0f5a59');
INSERT INTO `craft_assetfolders` (`id`, `parentId`, `sourceId`, `name`, `path`, `dateCreated`, `dateUpdated`, `uid`) VALUES ('4', NULL, '4', 'webm', '', '2014-05-04 16:03:50', '2014-05-10 14:15:25', '88e30596-df7c-49dd-8e3f-be54a7fc7efa');
INSERT INTO `craft_assetfolders` (`id`, `parentId`, `sourceId`, `name`, `path`, `dateCreated`, `dateUpdated`, `uid`) VALUES ('5', NULL, '5', 'Ogg', '', '2014-05-10 14:15:44', '2014-05-10 14:15:44', '74b8037d-7880-48b6-ab60-50b595aa5968');



DROP TABLE IF EXISTS `craft_assetindexdata`;


--
-- Schema for table `craft_assetindexdata`
--
CREATE TABLE `craft_assetindexdata` (
  `id` int(11) NOT NULL AUTO_INCREMENT,
  `sessionId` varchar(36) COLLATE utf8_unicode_ci NOT NULL DEFAULT '',
  `sourceId` int(10) NOT NULL,
  `offset` int(10) NOT NULL,
  `uri` varchar(255) COLLATE utf8_unicode_ci DEFAULT NULL,
  `size` int(10) DEFAULT NULL,
  `recordId` int(10) DEFAULT NULL,
  `dateCreated` datetime NOT NULL,
  `dateUpdated` datetime NOT NULL,
  `uid` char(36) COLLATE utf8_unicode_ci NOT NULL DEFAULT '0',
  PRIMARY KEY (`id`),
  UNIQUE KEY `craft_assetindexdata_sessionId_sourceId_offset_unq_idx` (`sessionId`,`sourceId`,`offset`),
  KEY `craft_assetindexdata_sourceId_fk` (`sourceId`)
) ENGINE=InnoDB AUTO_INCREMENT=125 DEFAULT CHARSET=utf8 COLLATE=utf8_unicode_ci;

DROP TABLE IF EXISTS `craft_assetsources`;


--
-- Schema for table `craft_assetsources`
--
CREATE TABLE `craft_assetsources` (
  `id` int(11) NOT NULL AUTO_INCREMENT,
  `name` varchar(255) COLLATE utf8_unicode_ci NOT NULL,
  `type` varchar(150) COLLATE utf8_unicode_ci NOT NULL,
  `settings` text COLLATE utf8_unicode_ci,
  `sortOrder` tinyint(4) DEFAULT NULL,
  `fieldLayoutId` int(10) DEFAULT NULL,
  `dateCreated` datetime NOT NULL,
  `dateUpdated` datetime NOT NULL,
  `uid` char(36) COLLATE utf8_unicode_ci NOT NULL DEFAULT '0',
  PRIMARY KEY (`id`),
  UNIQUE KEY `craft_assetsources_name_unq_idx` (`name`),
  KEY `craft_assetsources_fieldLayoutId_fk` (`fieldLayoutId`)
) ENGINE=InnoDB AUTO_INCREMENT=6 DEFAULT CHARSET=utf8 COLLATE=utf8_unicode_ci;

--
-- Data for table `craft_assetsources`
--

INSERT INTO `craft_assetsources` (`id`, `name`, `type`, `settings`, `sortOrder`, `fieldLayoutId`, `dateCreated`, `dateUpdated`, `uid`) VALUES ('1', 'mp4', 'Local', '{\"path\":\".\\/public\\/mp4\\/\",\"url\":\"\\/public\\/mp4\\/\"}', '1', '20', '2014-04-29 22:36:04', '2014-05-04 15:43:07', 'f5d27c55-eb6d-4d77-aad9-a7fa6ef50df8');
INSERT INTO `craft_assetsources` (`id`, `name`, `type`, `settings`, `sortOrder`, `fieldLayoutId`, `dateCreated`, `dateUpdated`, `uid`) VALUES ('2', 'Thumbnails', 'Local', '{\"path\":\".\\/public\\/thumbnail\\/\",\"url\":\"\\/public\\/thumbnail\\/\"}', '2', '13', '2014-04-29 23:13:58', '2014-04-29 23:13:58', 'c8b797d3-9800-4ed7-8092-95e1191cd2fd');
INSERT INTO `craft_assetsources` (`id`, `name`, `type`, `settings`, `sortOrder`, `fieldLayoutId`, `dateCreated`, `dateUpdated`, `uid`) VALUES ('3', 'Logos', 'Local', '{\"path\":\".\\/public\\/logos\\/\",\"url\":\"\\/public\\/logos\\/\"}', '3', '19', '2014-05-04 15:41:05', '2014-05-04 15:41:18', 'bed53370-f22f-45b2-a2bc-a44a9ac2ae7a');
INSERT INTO `craft_assetsources` (`id`, `name`, `type`, `settings`, `sortOrder`, `fieldLayoutId`, `dateCreated`, `dateUpdated`, `uid`) VALUES ('4', 'webm', 'Local', '{\"path\":\".\\/public\\/webm\\/\",\"url\":\"\\/public\\/webm\\/\"}', '4', '34', '2014-05-04 16:03:50', '2014-05-10 14:15:25', '384e473a-14a1-44b9-8a14-9200638cbccd');
INSERT INTO `craft_assetsources` (`id`, `name`, `type`, `settings`, `sortOrder`, `fieldLayoutId`, `dateCreated`, `dateUpdated`, `uid`) VALUES ('5', 'Ogg', 'Local', '{\"path\":\".\\/public\\/ogg\\/\",\"url\":\"\\/public\\/ogg\\/\"}', '5', '35', '2014-05-10 14:15:44', '2014-05-10 14:15:44', '9d73848a-70a4-4c0c-b50e-8c717412abd2');



DROP TABLE IF EXISTS `craft_assettransformindex`;


--
-- Schema for table `craft_assettransformindex`
--
CREATE TABLE `craft_assettransformindex` (
  `id` int(11) NOT NULL AUTO_INCREMENT,
  `fileId` int(11) NOT NULL,
  `location` varchar(255) COLLATE utf8_unicode_ci NOT NULL,
  `sourceId` int(11) DEFAULT NULL,
  `fileExists` tinyint(1) DEFAULT NULL,
  `inProgress` tinyint(1) DEFAULT NULL,
  `dateIndexed` datetime DEFAULT NULL,
  `dateCreated` datetime NOT NULL,
  `dateUpdated` datetime NOT NULL,
  `uid` char(36) COLLATE utf8_unicode_ci NOT NULL DEFAULT '0',
  PRIMARY KEY (`id`),
  KEY `craft_assettransformindex_sourceId_fileId_location_idx` (`sourceId`,`fileId`,`location`)
) ENGINE=InnoDB DEFAULT CHARSET=utf8 COLLATE=utf8_unicode_ci;

DROP TABLE IF EXISTS `craft_assettransforms`;


--
-- Schema for table `craft_assettransforms`
--
CREATE TABLE `craft_assettransforms` (
  `id` int(11) NOT NULL AUTO_INCREMENT,
  `name` varchar(255) COLLATE utf8_unicode_ci NOT NULL,
  `handle` varchar(255) COLLATE utf8_unicode_ci NOT NULL,
  `mode` enum('stretch','fit','crop') COLLATE utf8_unicode_ci NOT NULL DEFAULT 'crop',
  `position` enum('top-left','top-center','top-right','center-left','center-center','center-right','bottom-left','bottom-center','bottom-right') COLLATE utf8_unicode_ci NOT NULL DEFAULT 'center-center',
  `height` int(10) DEFAULT NULL,
  `width` int(10) DEFAULT NULL,
  `quality` int(10) DEFAULT NULL,
  `dimensionChangeTime` datetime DEFAULT NULL,
  `dateCreated` datetime NOT NULL,
  `dateUpdated` datetime NOT NULL,
  `uid` char(36) COLLATE utf8_unicode_ci NOT NULL DEFAULT '0',
  PRIMARY KEY (`id`),
  UNIQUE KEY `craft_assettransforms_name_unq_idx` (`name`),
  UNIQUE KEY `craft_assettransforms_handle_unq_idx` (`handle`)
) ENGINE=InnoDB DEFAULT CHARSET=utf8 COLLATE=utf8_unicode_ci;

DROP TABLE IF EXISTS `craft_categories`;


--
-- Schema for table `craft_categories`
--
CREATE TABLE `craft_categories` (
  `id` int(11) NOT NULL,
  `groupId` int(11) NOT NULL,
  `dateCreated` datetime NOT NULL,
  `dateUpdated` datetime NOT NULL,
  `uid` char(36) COLLATE utf8_unicode_ci NOT NULL DEFAULT '0',
  PRIMARY KEY (`id`),
  KEY `craft_categories_groupId_fk` (`groupId`)
) ENGINE=InnoDB DEFAULT CHARSET=utf8 COLLATE=utf8_unicode_ci;

DROP TABLE IF EXISTS `craft_categorygroups`;


--
-- Schema for table `craft_categorygroups`
--
CREATE TABLE `craft_categorygroups` (
  `id` int(11) NOT NULL AUTO_INCREMENT,
  `structureId` int(11) NOT NULL,
  `fieldLayoutId` int(11) DEFAULT NULL,
  `name` varchar(255) COLLATE utf8_unicode_ci NOT NULL,
  `handle` varchar(255) COLLATE utf8_unicode_ci NOT NULL,
  `hasUrls` tinyint(1) unsigned NOT NULL DEFAULT '1',
  `template` varchar(500) COLLATE utf8_unicode_ci DEFAULT NULL,
  `dateCreated` datetime NOT NULL,
  `dateUpdated` datetime NOT NULL,
  `uid` char(36) COLLATE utf8_unicode_ci NOT NULL DEFAULT '0',
  PRIMARY KEY (`id`),
  UNIQUE KEY `craft_categorygroups_name_unq_idx` (`name`),
  UNIQUE KEY `craft_categorygroups_handle_unq_idx` (`handle`),
  KEY `craft_categorygroups_structureId_fk` (`structureId`),
  KEY `craft_categorygroups_fieldLayoutId_fk` (`fieldLayoutId`)
) ENGINE=InnoDB DEFAULT CHARSET=utf8 COLLATE=utf8_unicode_ci;

DROP TABLE IF EXISTS `craft_categorygroups_i18n`;


--
-- Schema for table `craft_categorygroups_i18n`
--
CREATE TABLE `craft_categorygroups_i18n` (
  `id` int(11) NOT NULL AUTO_INCREMENT,
  `groupId` int(11) NOT NULL,
  `locale` char(12) COLLATE utf8_unicode_ci NOT NULL,
  `urlFormat` varchar(255) COLLATE utf8_unicode_ci DEFAULT NULL,
  `nestedUrlFormat` varchar(255) COLLATE utf8_unicode_ci DEFAULT NULL,
  `dateCreated` datetime NOT NULL,
  `dateUpdated` datetime NOT NULL,
  `uid` char(36) COLLATE utf8_unicode_ci NOT NULL DEFAULT '0',
  PRIMARY KEY (`id`),
  UNIQUE KEY `craft_categorygroups_i18n_groupId_locale_unq_idx` (`groupId`,`locale`),
  KEY `craft_categorygroups_i18n_locale_fk` (`locale`)
) ENGINE=InnoDB DEFAULT CHARSET=utf8 COLLATE=utf8_unicode_ci;

DROP TABLE IF EXISTS `craft_content`;


--
-- Schema for table `craft_content`
--
CREATE TABLE `craft_content` (
  `id` int(11) NOT NULL AUTO_INCREMENT,
  `elementId` int(11) NOT NULL,
  `locale` char(12) COLLATE utf8_unicode_ci NOT NULL,
  `title` varchar(255) COLLATE utf8_unicode_ci DEFAULT NULL,
  `field_heading` text COLLATE utf8_unicode_ci,
  `field_body` text COLLATE utf8_unicode_ci,
  `field_address` text COLLATE utf8_unicode_ci,
  `field_phone` text COLLATE utf8_unicode_ci,
  `field_facebook` text COLLATE utf8_unicode_ci,
  `field_twitter` text COLLATE utf8_unicode_ci,
  `field_aboutText` text COLLATE utf8_unicode_ci,
  `field_workType` varchar(255) COLLATE utf8_unicode_ci DEFAULT NULL,
  `dateCreated` datetime NOT NULL,
  `dateUpdated` datetime NOT NULL,
  `uid` char(36) COLLATE utf8_unicode_ci NOT NULL DEFAULT '0',
  PRIMARY KEY (`id`),
  UNIQUE KEY `craft_content_elementId_locale_unq_idx` (`elementId`,`locale`),
  KEY `craft_content_title_idx` (`title`),
  KEY `craft_content_locale_fk` (`locale`)
) ENGINE=InnoDB AUTO_INCREMENT=58 DEFAULT CHARSET=utf8 COLLATE=utf8_unicode_ci;

--
-- Data for table `craft_content`
--

INSERT INTO `craft_content` (`id`, `elementId`, `locale`, `title`, `field_heading`, `field_body`, `field_address`, `field_phone`, `field_facebook`, `field_twitter`, `field_aboutText`, `field_workType`, `dateCreated`, `dateUpdated`, `uid`) VALUES ('1', '1', 'en_us', NULL, NULL, NULL, NULL, NULL, NULL, NULL, NULL, NULL, '2014-04-29 18:07:05', '2014-05-16 03:24:55', 'bc8f3487-8e60-4e00-bf47-fe2d184026e5');
INSERT INTO `craft_content` (`id`, `elementId`, `locale`, `title`, `field_heading`, `field_body`, `field_address`, `field_phone`, `field_facebook`, `field_twitter`, `field_aboutText`, `field_workType`, `dateCreated`, `dateUpdated`, `uid`) VALUES ('2', '2', 'en_us', 'Homepage', 'Welcome to Denizen.dev!', '<p>It’s true, this site doesn’t have a whole lot of content yet, but don’t worry. Our web developers have just installed the CMS, and they’re setting things up for the content editors this very moment. Soon Denizen.dev will be an oasis of fresh perspectives, sharp analyses, and astute opinions that will keep you coming back again and again.</p>', NULL, NULL, NULL, NULL, NULL, NULL, '2014-04-29 18:07:09', '2014-04-29 18:07:09', '47a3969b-8ab1-4be3-bc56-8a983d01ae92');
INSERT INTO `craft_content` (`id`, `elementId`, `locale`, `title`, `field_heading`, `field_body`, `field_address`, `field_phone`, `field_facebook`, `field_twitter`, `field_aboutText`, `field_workType`, `dateCreated`, `dateUpdated`, `uid`) VALUES ('3', '3', 'en_us', 'We just installed Craft!', NULL, '<p>Craft is the CMS that’s powering Denizen.dev. It’s beautiful, powerful, flexible, and easy-to-use, and it’s made by Pixel &amp; Tonic. We can’t wait to dive in and see what it’s capable of!</p><!--pagebreak--><p>This is even more captivating content, which you couldn’t see on the News index page because it was entered after a Page Break, and the News index template only likes to show the content on the first page.</p><p>Craft: a nice alternative to Word, if you’re making a website.</p>', NULL, NULL, NULL, NULL, NULL, NULL, '2014-04-29 18:07:09', '2014-04-29 18:07:09', '4f05a7cc-2f6c-45aa-9ecd-b27b2e489c16');
INSERT INTO `craft_content` (`id`, `elementId`, `locale`, `title`, `field_heading`, `field_body`, `field_address`, `field_phone`, `field_facebook`, `field_twitter`, `field_aboutText`, `field_workType`, `dateCreated`, `dateUpdated`, `uid`) VALUES ('4', '4', 'en_us', 'Discovery FastNLoud Kraft', NULL, NULL, NULL, NULL, NULL, NULL, NULL, NULL, '2014-04-29 22:38:04', '2014-05-15 12:23:52', 'c655cae2-d9d5-4524-ab82-ed1d0656aee8');
INSERT INTO `craft_content` (`id`, `elementId`, `locale`, `title`, `field_heading`, `field_body`, `field_address`, `field_phone`, `field_facebook`, `field_twitter`, `field_aboutText`, `field_workType`, `dateCreated`, `dateUpdated`, `uid`) VALUES ('5', '5', 'en_us', 'Fast n\' Loud', NULL, '<p>Lorem ipsum dolor sit amet, consectetur adipisicing elit, sed do eiusmod tempor incididunt ut labore et dolore magna aliqua. Ut enim ad minim veniam, quis nostrud exercitation ullamco laboris nisi ut aliquip ex ea commodo consequat. Duis aute irure dolor in reprehenderit in voluptate velit esse cillum dolore eu fugiat nulla pariatur. Excepteur sint occaecat cupidatat non proident, sunt in culpa qui officia deserunt mollit anim id est laborum.</p>', NULL, NULL, NULL, NULL, NULL, 'Launch', '2014-04-29 22:38:40', '2014-05-10 15:09:56', 'fc88137e-692d-4093-8a63-2f8e75208493');
INSERT INTO `craft_content` (`id`, `elementId`, `locale`, `title`, `field_heading`, `field_body`, `field_address`, `field_phone`, `field_facebook`, `field_twitter`, `field_aboutText`, `field_workType`, `dateCreated`, `dateUpdated`, `uid`) VALUES ('6', '6', 'en_us', NULL, NULL, NULL, '12711 Ventura Boulevard, Suite 320 Studio City, CA 91604', '(818) 824-6248', 'http://facebook.com', 'http://twitter.com', NULL, NULL, '2014-04-29 22:41:01', '2014-04-29 22:49:28', 'e302d8a5-6a17-4702-b93b-5c7fab209d90');
INSERT INTO `craft_content` (`id`, `elementId`, `locale`, `title`, `field_heading`, `field_body`, `field_address`, `field_phone`, `field_facebook`, `field_twitter`, `field_aboutText`, `field_workType`, `dateCreated`, `dateUpdated`, `uid`) VALUES ('7', '7', 'en_us', 'Discovery 3 Days to Kill', NULL, NULL, NULL, NULL, NULL, NULL, NULL, NULL, '2014-04-29 23:15:49', '2014-05-15 12:23:49', '1bdd7f82-dde2-48c4-8db3-ca89fd38e26e');
INSERT INTO `craft_content` (`id`, `elementId`, `locale`, `title`, `field_heading`, `field_body`, `field_address`, `field_phone`, `field_facebook`, `field_twitter`, `field_aboutText`, `field_workType`, `dateCreated`, `dateUpdated`, `uid`) VALUES ('8', '8', 'en_us', 'Discovery FastNLoud Kraft', NULL, NULL, NULL, NULL, NULL, NULL, NULL, NULL, '2014-04-29 23:15:49', '2014-05-15 12:23:52', 'cdd060c6-5558-4cdb-a26f-2aa2e457c5d7');
INSERT INTO `craft_content` (`id`, `elementId`, `locale`, `title`, `field_heading`, `field_body`, `field_address`, `field_phone`, `field_facebook`, `field_twitter`, `field_aboutText`, `field_workType`, `dateCreated`, `dateUpdated`, `uid`) VALUES ('9', '9', 'en_us', 'Discovery Playstation', NULL, NULL, NULL, NULL, NULL, NULL, NULL, NULL, '2014-04-29 23:15:50', '2014-05-15 12:23:52', '6d8305de-a685-4b0f-b36e-16afeddd0cc0');
INSERT INTO `craft_content` (`id`, `elementId`, `locale`, `title`, `field_heading`, `field_body`, `field_address`, `field_phone`, `field_facebook`, `field_twitter`, `field_aboutText`, `field_workType`, `dateCreated`, `dateUpdated`, `uid`) VALUES ('10', '10', 'en_us', 'Doomsday PSA Power 30 Website Reel', NULL, NULL, NULL, NULL, NULL, NULL, NULL, NULL, '2014-04-29 23:15:50', '2014-05-15 12:23:53', 'fed32c5c-67b2-4405-977a-2e366d551b7a');
INSERT INTO `craft_content` (`id`, `elementId`, `locale`, `title`, `field_heading`, `field_body`, `field_address`, `field_phone`, `field_facebook`, `field_twitter`, `field_aboutText`, `field_workType`, `dateCreated`, `dateUpdated`, `uid`) VALUES ('11', '11', 'en_us', 'Doomsday PSA Weather 30 Website Reel', NULL, NULL, NULL, NULL, NULL, NULL, NULL, NULL, '2014-04-29 23:15:50', '2014-05-15 12:23:54', '32edb4a9-6a4e-430f-b151-514e5d1dec74');
INSERT INTO `craft_content` (`id`, `elementId`, `locale`, `title`, `field_heading`, `field_body`, `field_address`, `field_phone`, `field_facebook`, `field_twitter`, `field_aboutText`, `field_workType`, `dateCreated`, `dateUpdated`, `uid`) VALUES ('12', '12', 'en_us', 'LAO SVU Launch-WB Web Settings', NULL, NULL, NULL, NULL, NULL, NULL, NULL, NULL, '2014-04-29 23:15:51', '2014-05-15 12:23:54', '8e393e4c-e862-47ab-9f90-01e990842bca');
INSERT INTO `craft_content` (`id`, `elementId`, `locale`, `title`, `field_heading`, `field_body`, `field_address`, `field_phone`, `field_facebook`, `field_twitter`, `field_aboutText`, `field_workType`, `dateCreated`, `dateUpdated`, `uid`) VALUES ('13', '13', 'en_us', 'TBS Target Cougartown Design', NULL, NULL, NULL, NULL, NULL, NULL, NULL, NULL, '2014-04-29 23:15:51', '2014-05-15 12:23:54', 'aa6d58b0-81ba-40e1-aaff-a7c8a1e3a5c6');
INSERT INTO `craft_content` (`id`, `elementId`, `locale`, `title`, `field_heading`, `field_body`, `field_address`, `field_phone`, `field_facebook`, `field_twitter`, `field_aboutText`, `field_workType`, `dateCreated`, `dateUpdated`, `uid`) VALUES ('14', '14', 'en_us', 'TBS Target Cougartown Laurie', NULL, NULL, NULL, NULL, NULL, NULL, NULL, NULL, '2014-04-29 23:15:51', '2014-05-15 12:23:55', 'f5085df0-9c6b-4ee9-b64f-4fac9abce65b');
INSERT INTO `craft_content` (`id`, `elementId`, `locale`, `title`, `field_heading`, `field_body`, `field_address`, `field_phone`, `field_facebook`, `field_twitter`, `field_aboutText`, `field_workType`, `dateCreated`, `dateUpdated`, `uid`) VALUES ('15', '15', 'en_us', 'TBS Target Cougartown Promo', NULL, NULL, NULL, NULL, NULL, NULL, NULL, NULL, '2014-04-29 23:15:52', '2014-05-15 12:23:55', '12378709-d0b0-4d60-961c-8e5b57ddba94');
INSERT INTO `craft_content` (`id`, `elementId`, `locale`, `title`, `field_heading`, `field_body`, `field_address`, `field_phone`, `field_facebook`, `field_twitter`, `field_aboutText`, `field_workType`, `dateCreated`, `dateUpdated`, `uid`) VALUES ('16', '16', 'en_us', 'TLC Arm and Hammer', NULL, NULL, NULL, NULL, NULL, NULL, NULL, NULL, '2014-04-29 23:15:52', '2014-05-15 12:23:55', '6407b561-964c-4b16-9738-acd1793fd6a9');
INSERT INTO `craft_content` (`id`, `elementId`, `locale`, `title`, `field_heading`, `field_body`, `field_address`, `field_phone`, `field_facebook`, `field_twitter`, `field_aboutText`, `field_workType`, `dateCreated`, `dateUpdated`, `uid`) VALUES ('17', '17', 'en_us', 'TLC Going the Distance Hybrid', NULL, NULL, NULL, NULL, NULL, NULL, NULL, NULL, '2014-04-29 23:15:52', '2014-05-15 12:23:56', '96164f12-0cb5-42ee-bca9-00a874b07c83');
INSERT INTO `craft_content` (`id`, `elementId`, `locale`, `title`, `field_heading`, `field_body`, `field_address`, `field_phone`, `field_facebook`, `field_twitter`, `field_aboutText`, `field_workType`, `dateCreated`, `dateUpdated`, `uid`) VALUES ('18', '18', 'en_us', 'TLC Going the Distance Promo', NULL, NULL, NULL, NULL, NULL, NULL, NULL, NULL, '2014-04-29 23:15:53', '2014-05-15 12:23:56', 'a9f43acd-7d61-4b8d-bce4-eb82a4b4feb4');
INSERT INTO `craft_content` (`id`, `elementId`, `locale`, `title`, `field_heading`, `field_body`, `field_address`, `field_phone`, `field_facebook`, `field_twitter`, `field_aboutText`, `field_workType`, `dateCreated`, `dateUpdated`, `uid`) VALUES ('19', '19', 'en_us', 'TLC Toyota Venza Website Reel', NULL, NULL, NULL, NULL, NULL, NULL, NULL, NULL, '2014-04-29 23:15:53', '2014-05-15 12:23:56', '0172283f-0462-4bc9-b77d-9c313520986c');
INSERT INTO `craft_content` (`id`, `elementId`, `locale`, `title`, `field_heading`, `field_body`, `field_address`, `field_phone`, `field_facebook`, `field_twitter`, `field_aboutText`, `field_workType`, `dateCreated`, `dateUpdated`, `uid`) VALUES ('20', '20', 'en_us', 'TLC KLEENEX-Website Reel', NULL, NULL, NULL, NULL, NULL, NULL, NULL, NULL, '2014-04-29 23:15:53', '2014-05-15 12:23:57', '0977759f-c987-49f2-99fe-424216b8b323');
INSERT INTO `craft_content` (`id`, `elementId`, `locale`, `title`, `field_heading`, `field_body`, `field_address`, `field_phone`, `field_facebook`, `field_twitter`, `field_aboutText`, `field_workType`, `dateCreated`, `dateUpdated`, `uid`) VALUES ('21', '21', 'en_us', 'Uproar Auditions PSA Website', NULL, NULL, NULL, NULL, NULL, NULL, NULL, NULL, '2014-04-29 23:15:54', '2014-05-15 12:23:57', '07294a5c-8e7e-4cec-a296-1134bff5106d');
INSERT INTO `craft_content` (`id`, `elementId`, `locale`, `title`, `field_heading`, `field_body`, `field_address`, `field_phone`, `field_facebook`, `field_twitter`, `field_aboutText`, `field_workType`, `dateCreated`, `dateUpdated`, `uid`) VALUES ('22', '22', 'en_us', 'Velocity Vinsetta', NULL, NULL, NULL, NULL, NULL, NULL, NULL, NULL, '2014-04-29 23:15:54', '2014-05-15 12:23:57', '77558ef3-b7ea-4163-a3b0-62ae8ca4d317');
INSERT INTO `craft_content` (`id`, `elementId`, `locale`, `title`, `field_heading`, `field_body`, `field_address`, `field_phone`, `field_facebook`, `field_twitter`, `field_aboutText`, `field_workType`, `dateCreated`, `dateUpdated`, `uid`) VALUES ('23', '23', 'en_us', NULL, NULL, NULL, NULL, NULL, NULL, NULL, '<p>Welcome to the dark side&hellip; where Denizens flourish.</p><p>We are monsters at TV marketing and experts in the black art of persuasion. We woo. We wow. We win awards. And our client list is a who’s who of the top TV networks.</p><p>But we know promo magic doesn’t happen by magic. It’s built by hand and we get our hands dirty every step of the way -- with rock-solid concepts, crisp copy, killer graphics, and drum-tight editing.</p><p>Concept is king here. Before any script gets written or any edit suite fired up, we unearth the most compelling ideas. This makes our episodics feel like launch campaigns and our sizzle reels feel like theatrical trailers. There is no box big enough to contain our creative thought-process.</p><p>Some think the best ideas come out of the blue. We believe the best ones come out of the dark. That\'s why we live there.</p><p>We are Denizen. Come join us on the dark side.</p>', NULL, '2014-04-30 01:21:30', '2014-05-14 23:50:34', 'dba3d5bd-0b41-4f78-a1ee-8cfb8eee9e40');
INSERT INTO `craft_content` (`id`, `elementId`, `locale`, `title`, `field_heading`, `field_body`, `field_address`, `field_phone`, `field_facebook`, `field_twitter`, `field_aboutText`, `field_workType`, `dateCreated`, `dateUpdated`, `uid`) VALUES ('24', '24', 'en_us', 'logo-wb', NULL, NULL, NULL, NULL, NULL, NULL, NULL, NULL, '2014-05-04 15:47:45', '2014-05-23 01:44:58', 'd2d1ad8d-6ef4-4303-8e06-21da3b31bfd4');
INSERT INTO `craft_content` (`id`, `elementId`, `locale`, `title`, `field_heading`, `field_body`, `field_address`, `field_phone`, `field_facebook`, `field_twitter`, `field_aboutText`, `field_workType`, `dateCreated`, `dateUpdated`, `uid`) VALUES ('25', '25', 'en_us', 'WB', NULL, NULL, NULL, NULL, NULL, NULL, NULL, NULL, '2014-05-04 15:48:00', '2014-05-04 15:48:00', '39a94538-4917-4834-8289-f21fcf0949bb');
INSERT INTO `craft_content` (`id`, `elementId`, `locale`, `title`, `field_heading`, `field_body`, `field_address`, `field_phone`, `field_facebook`, `field_twitter`, `field_aboutText`, `field_workType`, `dateCreated`, `dateUpdated`, `uid`) VALUES ('26', '26', 'en_us', 'David Gold', NULL, NULL, NULL, NULL, NULL, NULL, NULL, NULL, '2014-05-04 15:51:02', '2014-05-04 15:51:02', 'ce655344-bf40-4fe7-ae2b-b150a161fbf5');
INSERT INTO `craft_content` (`id`, `elementId`, `locale`, `title`, `field_heading`, `field_body`, `field_address`, `field_phone`, `field_facebook`, `field_twitter`, `field_aboutText`, `field_workType`, `dateCreated`, `dateUpdated`, `uid`) VALUES ('27', '27', 'en_us', 'Chris McKenna', NULL, NULL, NULL, NULL, NULL, NULL, NULL, NULL, '2014-05-04 15:52:53', '2014-05-04 15:52:53', 'fbbc0fc9-95f3-4606-8038-80d3220546cd');
INSERT INTO `craft_content` (`id`, `elementId`, `locale`, `title`, `field_heading`, `field_body`, `field_address`, `field_phone`, `field_facebook`, `field_twitter`, `field_aboutText`, `field_workType`, `dateCreated`, `dateUpdated`, `uid`) VALUES ('28', '28', 'en_us', 'Monica Hinden', NULL, NULL, NULL, NULL, NULL, NULL, NULL, NULL, '2014-05-04 15:53:16', '2014-05-04 15:53:16', '5b40c949-8deb-40f1-8f1e-7b3565161d74');
INSERT INTO `craft_content` (`id`, `elementId`, `locale`, `title`, `field_heading`, `field_body`, `field_address`, `field_phone`, `field_facebook`, `field_twitter`, `field_aboutText`, `field_workType`, `dateCreated`, `dateUpdated`, `uid`) VALUES ('29', '29', 'en_us', 'Keith Dorsch', NULL, NULL, NULL, NULL, NULL, NULL, NULL, NULL, '2014-05-04 15:53:32', '2014-05-04 15:53:32', '2a98b110-aa5e-4a5c-80d2-511c04674a8e');
INSERT INTO `craft_content` (`id`, `elementId`, `locale`, `title`, `field_heading`, `field_body`, `field_address`, `field_phone`, `field_facebook`, `field_twitter`, `field_aboutText`, `field_workType`, `dateCreated`, `dateUpdated`, `uid`) VALUES ('30', '30', 'en_us', NULL, NULL, NULL, NULL, NULL, NULL, NULL, NULL, NULL, '2014-05-06 23:49:23', '2014-05-29 13:46:29', 'a6d5bb67-ed02-4b25-93a3-c944c609538a');
INSERT INTO `craft_content` (`id`, `elementId`, `locale`, `title`, `field_heading`, `field_body`, `field_address`, `field_phone`, `field_facebook`, `field_twitter`, `field_aboutText`, `field_workType`, `dateCreated`, `dateUpdated`, `uid`) VALUES ('31', '32', 'en_us', 'landing', NULL, NULL, NULL, NULL, NULL, NULL, NULL, NULL, '2014-05-06 23:56:24', '2014-05-15 12:23:51', 'b24c9fc4-cb3c-45b2-9f0a-4251a7cbade9');
INSERT INTO `craft_content` (`id`, `elementId`, `locale`, `title`, `field_heading`, `field_body`, `field_address`, `field_phone`, `field_facebook`, `field_twitter`, `field_aboutText`, `field_workType`, `dateCreated`, `dateUpdated`, `uid`) VALUES ('32', '33', 'en_us', 'ogg-sample', NULL, NULL, NULL, NULL, NULL, NULL, NULL, NULL, '2014-05-10 14:29:55', '2014-05-15 12:23:51', 'f237eab6-adb7-48f2-a263-36dde17be6bd');
INSERT INTO `craft_content` (`id`, `elementId`, `locale`, `title`, `field_heading`, `field_body`, `field_address`, `field_phone`, `field_facebook`, `field_twitter`, `field_aboutText`, `field_workType`, `dateCreated`, `dateUpdated`, `uid`) VALUES ('33', '35', 'en_us', 'Denizen V4', NULL, NULL, NULL, NULL, NULL, NULL, NULL, NULL, '2014-05-15 12:23:51', '2014-05-15 12:23:51', 'b8e436a5-ea91-4fa7-9339-f24287c746d3');
INSERT INTO `craft_content` (`id`, `elementId`, `locale`, `title`, `field_heading`, `field_body`, `field_address`, `field_phone`, `field_facebook`, `field_twitter`, `field_aboutText`, `field_workType`, `dateCreated`, `dateUpdated`, `uid`) VALUES ('34', '36', 'en_us', 'ogg-sample', NULL, NULL, NULL, NULL, NULL, NULL, NULL, NULL, '2014-05-15 12:23:52', '2014-05-15 12:23:52', '9cc30055-070a-405c-a204-ba7607a99bb3');
INSERT INTO `craft_content` (`id`, `elementId`, `locale`, `title`, `field_heading`, `field_body`, `field_address`, `field_phone`, `field_facebook`, `field_twitter`, `field_aboutText`, `field_workType`, `dateCreated`, `dateUpdated`, `uid`) VALUES ('35', '37', 'en_us', 'Discovery', NULL, NULL, NULL, NULL, NULL, NULL, NULL, NULL, '2014-05-17 13:26:42', '2014-05-17 13:26:42', '7e52148b-4e80-4f5a-b1eb-e085430f138d');
INSERT INTO `craft_content` (`id`, `elementId`, `locale`, `title`, `field_heading`, `field_body`, `field_address`, `field_phone`, `field_facebook`, `field_twitter`, `field_aboutText`, `field_workType`, `dateCreated`, `dateUpdated`, `uid`) VALUES ('36', '38', 'en_us', 'TBS', NULL, NULL, NULL, NULL, NULL, NULL, NULL, NULL, '2014-05-17 13:26:54', '2014-05-17 13:26:54', 'c15ca4ab-b146-4d82-89ec-59a5a0b5d867');
INSERT INTO `craft_content` (`id`, `elementId`, `locale`, `title`, `field_heading`, `field_body`, `field_address`, `field_phone`, `field_facebook`, `field_twitter`, `field_aboutText`, `field_workType`, `dateCreated`, `dateUpdated`, `uid`) VALUES ('37', '39', 'en_us', 'TLC', NULL, NULL, NULL, NULL, NULL, NULL, NULL, NULL, '2014-05-17 13:27:02', '2014-05-17 13:27:02', '474b15e9-b241-4154-834b-cbda8b55a5d9');
INSERT INTO `craft_content` (`id`, `elementId`, `locale`, `title`, `field_heading`, `field_body`, `field_address`, `field_phone`, `field_facebook`, `field_twitter`, `field_aboutText`, `field_workType`, `dateCreated`, `dateUpdated`, `uid`) VALUES ('38', '40', 'en_us', '3 Days to Kill', NULL, '', NULL, NULL, NULL, NULL, NULL, 'Launch', '2014-05-17 13:28:11', '2014-05-17 13:35:53', '54325037-97c6-44d1-8363-a5b6726e0626');
INSERT INTO `craft_content` (`id`, `elementId`, `locale`, `title`, `field_heading`, `field_body`, `field_address`, `field_phone`, `field_facebook`, `field_twitter`, `field_aboutText`, `field_workType`, `dateCreated`, `dateUpdated`, `uid`) VALUES ('39', '41', 'en_us', 'Discovery 3 Days to Kill', NULL, NULL, NULL, NULL, NULL, NULL, NULL, NULL, '2014-05-17 13:35:42', '2014-05-17 13:35:42', 'a4224444-0090-40a7-ae71-9462c53dafc5');
INSERT INTO `craft_content` (`id`, `elementId`, `locale`, `title`, `field_heading`, `field_body`, `field_address`, `field_phone`, `field_facebook`, `field_twitter`, `field_aboutText`, `field_workType`, `dateCreated`, `dateUpdated`, `uid`) VALUES ('40', '42', 'en_us', 'Discovery Playstation', NULL, NULL, NULL, NULL, NULL, NULL, NULL, NULL, '2014-05-17 13:39:21', '2014-05-17 13:39:21', '1bd6075c-e8d6-4b62-870b-87198499af16');
INSERT INTO `craft_content` (`id`, `elementId`, `locale`, `title`, `field_heading`, `field_body`, `field_address`, `field_phone`, `field_facebook`, `field_twitter`, `field_aboutText`, `field_workType`, `dateCreated`, `dateUpdated`, `uid`) VALUES ('41', '43', 'en_us', 'Playstation', NULL, '', NULL, NULL, NULL, NULL, NULL, 'Graphics and FX', '2014-05-17 13:39:49', '2014-05-17 13:39:49', 'a8d2a71a-a9d1-403e-ae65-431f6dadd75c');
INSERT INTO `craft_content` (`id`, `elementId`, `locale`, `title`, `field_heading`, `field_body`, `field_address`, `field_phone`, `field_facebook`, `field_twitter`, `field_aboutText`, `field_workType`, `dateCreated`, `dateUpdated`, `uid`) VALUES ('42', '44', 'en_us', 'LAO SVU Launch-WB Web Settings', NULL, NULL, NULL, NULL, NULL, NULL, NULL, NULL, '2014-05-17 13:46:36', '2014-05-17 13:46:36', '9aec072c-ec78-418d-af1e-89be8fa207b5');
INSERT INTO `craft_content` (`id`, `elementId`, `locale`, `title`, `field_heading`, `field_body`, `field_address`, `field_phone`, `field_facebook`, `field_twitter`, `field_aboutText`, `field_workType`, `dateCreated`, `dateUpdated`, `uid`) VALUES ('43', '45', 'en_us', 'Law and Order: Single Victims Unit', NULL, '', NULL, NULL, NULL, NULL, NULL, 'Launch', '2014-05-17 13:47:08', '2014-05-17 14:13:40', 'f506c2a5-ed4f-4d0b-98f2-c5f578a9872a');
INSERT INTO `craft_content` (`id`, `elementId`, `locale`, `title`, `field_heading`, `field_body`, `field_address`, `field_phone`, `field_facebook`, `field_twitter`, `field_aboutText`, `field_workType`, `dateCreated`, `dateUpdated`, `uid`) VALUES ('44', '46', 'en_us', 'Uproar Auditions PSA Website', NULL, NULL, NULL, NULL, NULL, NULL, NULL, NULL, '2014-05-17 14:15:12', '2014-05-17 14:15:12', '6a0e4499-d211-4b87-ab59-fa44d46cf798');
INSERT INTO `craft_content` (`id`, `elementId`, `locale`, `title`, `field_heading`, `field_body`, `field_address`, `field_phone`, `field_facebook`, `field_twitter`, `field_aboutText`, `field_workType`, `dateCreated`, `dateUpdated`, `uid`) VALUES ('45', '47', 'en_us', 'Uproar Auditions', NULL, '', NULL, NULL, NULL, NULL, NULL, 'Comedy', '2014-05-17 14:15:27', '2014-05-17 14:15:27', 'd2937bb6-51c0-451b-8b96-e1a2c593e953');
INSERT INTO `craft_content` (`id`, `elementId`, `locale`, `title`, `field_heading`, `field_body`, `field_address`, `field_phone`, `field_facebook`, `field_twitter`, `field_aboutText`, `field_workType`, `dateCreated`, `dateUpdated`, `uid`) VALUES ('46', '48', 'en_us', '20thTV white', NULL, NULL, NULL, NULL, NULL, NULL, NULL, NULL, '2014-05-23 01:44:56', '2014-05-23 01:44:57', '28d81d61-d00d-4bc1-9959-cdd26209449a');
INSERT INTO `craft_content` (`id`, `elementId`, `locale`, `title`, `field_heading`, `field_body`, `field_address`, `field_phone`, `field_facebook`, `field_twitter`, `field_aboutText`, `field_workType`, `dateCreated`, `dateUpdated`, `uid`) VALUES ('47', '49', 'en_us', 'NBCUTD white logo', NULL, NULL, NULL, NULL, NULL, NULL, NULL, NULL, '2014-05-23 01:44:57', '2014-05-23 01:44:57', 'c6722620-1039-4e27-8fa1-6365af5fdb41');
INSERT INTO `craft_content` (`id`, `elementId`, `locale`, `title`, `field_heading`, `field_body`, `field_address`, `field_phone`, `field_facebook`, `field_twitter`, `field_aboutText`, `field_workType`, `dateCreated`, `dateUpdated`, `uid`) VALUES ('48', '50', 'en_us', 'Nat Geo Wild logo white', NULL, NULL, NULL, NULL, NULL, NULL, NULL, NULL, '2014-05-23 01:44:57', '2014-05-23 01:44:57', '803bf59b-c432-4971-a998-2f9c417c0e4a');
INSERT INTO `craft_content` (`id`, `elementId`, `locale`, `title`, `field_heading`, `field_body`, `field_address`, `field_phone`, `field_facebook`, `field_twitter`, `field_aboutText`, `field_workType`, `dateCreated`, `dateUpdated`, `uid`) VALUES ('49', '51', 'en_us', 'TWC white', NULL, NULL, NULL, NULL, NULL, NULL, NULL, NULL, '2014-05-23 01:44:58', '2014-05-23 01:44:58', 'ab15dad3-2ac2-4c36-90cc-51d91ca8c4fd');
INSERT INTO `craft_content` (`id`, `elementId`, `locale`, `title`, `field_heading`, `field_body`, `field_address`, `field_phone`, `field_facebook`, `field_twitter`, `field_aboutText`, `field_workType`, `dateCreated`, `dateUpdated`, `uid`) VALUES ('50', '52', 'en_us', 'Velocity white', NULL, NULL, NULL, NULL, NULL, NULL, NULL, NULL, '2014-05-23 01:44:58', '2014-05-23 01:44:58', 'a968d3ed-e23c-422b-9791-177c646754c9');
INSERT INTO `craft_content` (`id`, `elementId`, `locale`, `title`, `field_heading`, `field_body`, `field_address`, `field_phone`, `field_facebook`, `field_twitter`, `field_aboutText`, `field_workType`, `dateCreated`, `dateUpdated`, `uid`) VALUES ('51', '53', 'en_us', 'Discovery', NULL, NULL, NULL, NULL, NULL, NULL, NULL, NULL, '2014-05-23 01:45:26', '2014-05-23 01:45:26', 'd72ef4b1-3516-4d0d-a374-63cb52d31363');
INSERT INTO `craft_content` (`id`, `elementId`, `locale`, `title`, `field_heading`, `field_body`, `field_address`, `field_phone`, `field_facebook`, `field_twitter`, `field_aboutText`, `field_workType`, `dateCreated`, `dateUpdated`, `uid`) VALUES ('52', '54', 'en_us', 'The Weather Channel', NULL, NULL, NULL, NULL, NULL, NULL, NULL, NULL, '2014-05-23 01:46:12', '2014-05-23 01:46:12', '1d1f1a15-1ff7-4c36-8df8-593883a76541');
INSERT INTO `craft_content` (`id`, `elementId`, `locale`, `title`, `field_heading`, `field_body`, `field_address`, `field_phone`, `field_facebook`, `field_twitter`, `field_aboutText`, `field_workType`, `dateCreated`, `dateUpdated`, `uid`) VALUES ('53', '55', 'en_us', 'Nat Geo WILD', NULL, NULL, NULL, NULL, NULL, NULL, NULL, NULL, '2014-05-23 01:46:38', '2014-05-23 01:46:38', 'e65dc720-7391-4cee-b87a-2debb8cf078a');
INSERT INTO `craft_content` (`id`, `elementId`, `locale`, `title`, `field_heading`, `field_body`, `field_address`, `field_phone`, `field_facebook`, `field_twitter`, `field_aboutText`, `field_workType`, `dateCreated`, `dateUpdated`, `uid`) VALUES ('54', '56', 'en_us', 'Velocity', NULL, NULL, NULL, NULL, NULL, NULL, NULL, NULL, '2014-05-23 01:47:08', '2014-05-23 01:47:08', '0b1badb6-a42c-4953-852b-2b02811f5f06');
INSERT INTO `craft_content` (`id`, `elementId`, `locale`, `title`, `field_heading`, `field_body`, `field_address`, `field_phone`, `field_facebook`, `field_twitter`, `field_aboutText`, `field_workType`, `dateCreated`, `dateUpdated`, `uid`) VALUES ('55', '57', 'en_us', '20th Television', NULL, NULL, NULL, NULL, NULL, NULL, NULL, NULL, '2014-05-23 01:47:24', '2014-05-23 01:47:38', '2b68ae8f-cf77-41a7-ad62-251ed848b1a4');
INSERT INTO `craft_content` (`id`, `elementId`, `locale`, `title`, `field_heading`, `field_body`, `field_address`, `field_phone`, `field_facebook`, `field_twitter`, `field_aboutText`, `field_workType`, `dateCreated`, `dateUpdated`, `uid`) VALUES ('56', '58', 'en_us', 'NBCUniversal Television Distribution', NULL, NULL, NULL, NULL, NULL, NULL, NULL, NULL, '2014-05-23 01:47:57', '2014-05-23 01:47:57', '8904dd0a-194f-4670-af33-08408fea4617');
INSERT INTO `craft_content` (`id`, `elementId`, `locale`, `title`, `field_heading`, `field_body`, `field_address`, `field_phone`, `field_facebook`, `field_twitter`, `field_aboutText`, `field_workType`, `dateCreated`, `dateUpdated`, `uid`) VALUES ('57', '59', 'en_us', 'denizen-cave', NULL, NULL, NULL, NULL, NULL, NULL, NULL, NULL, '2014-05-29 13:46:16', '2014-05-29 13:46:16', 'ce26aefe-6ea1-4634-8849-9c53088fc1fb');



DROP TABLE IF EXISTS `craft_deprecationerrors`;


--
-- Schema for table `craft_deprecationerrors`
--
CREATE TABLE `craft_deprecationerrors` (
  `id` int(11) NOT NULL AUTO_INCREMENT,
  `key` varchar(255) COLLATE utf8_unicode_ci NOT NULL,
  `fingerprint` varchar(255) COLLATE utf8_unicode_ci NOT NULL,
  `lastOccurrence` datetime NOT NULL,
  `file` varchar(255) COLLATE utf8_unicode_ci NOT NULL,
  `line` smallint(6) unsigned NOT NULL,
  `class` varchar(255) COLLATE utf8_unicode_ci DEFAULT NULL,
  `method` varchar(255) COLLATE utf8_unicode_ci DEFAULT NULL,
  `template` varchar(255) COLLATE utf8_unicode_ci DEFAULT NULL,
  `templateLine` smallint(6) unsigned DEFAULT NULL,
  `message` varchar(255) COLLATE utf8_unicode_ci DEFAULT NULL,
  `traces` text COLLATE utf8_unicode_ci,
  `dateCreated` datetime NOT NULL,
  `dateUpdated` datetime NOT NULL,
  `uid` char(36) COLLATE utf8_unicode_ci NOT NULL DEFAULT '0',
  PRIMARY KEY (`id`),
  UNIQUE KEY `craft_deprecationerrors_key_fingerprint_unq_idx` (`key`,`fingerprint`)
) ENGINE=InnoDB DEFAULT CHARSET=utf8 COLLATE=utf8_unicode_ci;

DROP TABLE IF EXISTS `craft_elements`;


--
-- Schema for table `craft_elements`
--
CREATE TABLE `craft_elements` (
  `id` int(11) NOT NULL AUTO_INCREMENT,
  `type` varchar(150) COLLATE utf8_unicode_ci NOT NULL,
  `enabled` tinyint(1) unsigned NOT NULL DEFAULT '1',
  `archived` tinyint(1) unsigned NOT NULL DEFAULT '0',
  `dateCreated` datetime NOT NULL,
  `dateUpdated` datetime NOT NULL,
  `uid` char(36) COLLATE utf8_unicode_ci NOT NULL DEFAULT '0',
  PRIMARY KEY (`id`),
  KEY `craft_elements_type_idx` (`type`),
  KEY `craft_elements_enabled_idx` (`enabled`),
  KEY `craft_elements_archived_idx` (`archived`)
) ENGINE=InnoDB AUTO_INCREMENT=60 DEFAULT CHARSET=utf8 COLLATE=utf8_unicode_ci;

--
-- Data for table `craft_elements`
--

INSERT INTO `craft_elements` (`id`, `type`, `enabled`, `archived`, `dateCreated`, `dateUpdated`, `uid`) VALUES ('1', 'User', '1', '0', '2014-04-29 18:07:05', '2014-05-16 03:24:55', '5429e02e-6c14-48f1-962d-046f94004eb5');
INSERT INTO `craft_elements` (`id`, `type`, `enabled`, `archived`, `dateCreated`, `dateUpdated`, `uid`) VALUES ('2', 'Entry', '1', '0', '2014-04-29 18:07:09', '2014-04-29 18:07:09', 'cfcf2824-cea6-4bd5-9d1c-dfc01389fcb4');
INSERT INTO `craft_elements` (`id`, `type`, `enabled`, `archived`, `dateCreated`, `dateUpdated`, `uid`) VALUES ('3', 'Entry', '1', '0', '2014-04-29 18:07:09', '2014-04-29 18:07:09', 'dc80a838-3bfb-4aa5-a07d-9ccec1431f5a');
INSERT INTO `craft_elements` (`id`, `type`, `enabled`, `archived`, `dateCreated`, `dateUpdated`, `uid`) VALUES ('4', 'Asset', '1', '0', '2014-04-29 22:38:04', '2014-05-15 12:23:52', '851cc610-7e26-4fab-a26f-f0fa7df03c51');
INSERT INTO `craft_elements` (`id`, `type`, `enabled`, `archived`, `dateCreated`, `dateUpdated`, `uid`) VALUES ('5', 'Entry', '1', '0', '2014-04-29 22:38:40', '2014-05-10 15:09:56', '5e62b553-ba23-41af-8d38-72ebb4b0743f');
INSERT INTO `craft_elements` (`id`, `type`, `enabled`, `archived`, `dateCreated`, `dateUpdated`, `uid`) VALUES ('6', 'GlobalSet', '1', '0', '2014-04-29 22:41:01', '2014-04-29 22:49:28', '95c5b4e3-9a9e-45db-a558-98e8e703644b');
INSERT INTO `craft_elements` (`id`, `type`, `enabled`, `archived`, `dateCreated`, `dateUpdated`, `uid`) VALUES ('7', 'Asset', '1', '0', '2014-04-29 23:15:49', '2014-05-15 12:23:49', '6ff6628d-83db-4b5f-8ef5-6592bde468ac');
INSERT INTO `craft_elements` (`id`, `type`, `enabled`, `archived`, `dateCreated`, `dateUpdated`, `uid`) VALUES ('8', 'Asset', '1', '0', '2014-04-29 23:15:49', '2014-05-15 12:23:52', 'f1a35093-c3f9-47bf-ae21-c8f45496ed7e');
INSERT INTO `craft_elements` (`id`, `type`, `enabled`, `archived`, `dateCreated`, `dateUpdated`, `uid`) VALUES ('9', 'Asset', '1', '0', '2014-04-29 23:15:50', '2014-05-15 12:23:52', '6d33c222-fae0-4730-8425-3f7aa2fd48d0');
INSERT INTO `craft_elements` (`id`, `type`, `enabled`, `archived`, `dateCreated`, `dateUpdated`, `uid`) VALUES ('10', 'Asset', '1', '0', '2014-04-29 23:15:50', '2014-05-15 12:23:53', 'de0d6d27-f1da-44c8-99ff-756658d00d6d');
INSERT INTO `craft_elements` (`id`, `type`, `enabled`, `archived`, `dateCreated`, `dateUpdated`, `uid`) VALUES ('11', 'Asset', '1', '0', '2014-04-29 23:15:50', '2014-05-15 12:23:54', 'f4e365c4-9051-4cba-8dd2-7b434cc51015');
INSERT INTO `craft_elements` (`id`, `type`, `enabled`, `archived`, `dateCreated`, `dateUpdated`, `uid`) VALUES ('12', 'Asset', '1', '0', '2014-04-29 23:15:51', '2014-05-15 12:23:54', '8e828968-6607-4b33-86e4-f2c33a91378f');
INSERT INTO `craft_elements` (`id`, `type`, `enabled`, `archived`, `dateCreated`, `dateUpdated`, `uid`) VALUES ('13', 'Asset', '1', '0', '2014-04-29 23:15:51', '2014-05-15 12:23:54', '4f5e8430-bdfa-4a7b-b0b9-238d80cfc807');
INSERT INTO `craft_elements` (`id`, `type`, `enabled`, `archived`, `dateCreated`, `dateUpdated`, `uid`) VALUES ('14', 'Asset', '1', '0', '2014-04-29 23:15:51', '2014-05-15 12:23:55', '7871962b-aae6-4bfa-aea7-6c3fe7bb788c');
INSERT INTO `craft_elements` (`id`, `type`, `enabled`, `archived`, `dateCreated`, `dateUpdated`, `uid`) VALUES ('15', 'Asset', '1', '0', '2014-04-29 23:15:52', '2014-05-15 12:23:55', '5f221bae-b7b0-4bfe-9b85-99cdb9b80a11');
INSERT INTO `craft_elements` (`id`, `type`, `enabled`, `archived`, `dateCreated`, `dateUpdated`, `uid`) VALUES ('16', 'Asset', '1', '0', '2014-04-29 23:15:52', '2014-05-15 12:23:55', 'ab09f0bf-54d9-4b87-960d-5dec0cd6b647');
INSERT INTO `craft_elements` (`id`, `type`, `enabled`, `archived`, `dateCreated`, `dateUpdated`, `uid`) VALUES ('17', 'Asset', '1', '0', '2014-04-29 23:15:52', '2014-05-15 12:23:56', '79838eb8-0c7c-450e-949b-72fe5fdb9c32');
INSERT INTO `craft_elements` (`id`, `type`, `enabled`, `archived`, `dateCreated`, `dateUpdated`, `uid`) VALUES ('18', 'Asset', '1', '0', '2014-04-29 23:15:53', '2014-05-15 12:23:56', 'ef061327-b375-493d-87df-132ec1b9abd7');
INSERT INTO `craft_elements` (`id`, `type`, `enabled`, `archived`, `dateCreated`, `dateUpdated`, `uid`) VALUES ('19', 'Asset', '1', '0', '2014-04-29 23:15:53', '2014-05-15 12:23:56', 'e940caab-fadc-4630-a0fe-23f42000f0ea');
INSERT INTO `craft_elements` (`id`, `type`, `enabled`, `archived`, `dateCreated`, `dateUpdated`, `uid`) VALUES ('20', 'Asset', '1', '0', '2014-04-29 23:15:53', '2014-05-15 12:23:57', 'ef4b8505-1f6b-4589-bba2-15fc6e156e9e');
INSERT INTO `craft_elements` (`id`, `type`, `enabled`, `archived`, `dateCreated`, `dateUpdated`, `uid`) VALUES ('21', 'Asset', '1', '0', '2014-04-29 23:15:54', '2014-05-15 12:23:57', '9fad1383-2dd2-4afc-a8aa-6fe8b9d8ef4b');
INSERT INTO `craft_elements` (`id`, `type`, `enabled`, `archived`, `dateCreated`, `dateUpdated`, `uid`) VALUES ('22', 'Asset', '1', '0', '2014-04-29 23:15:54', '2014-05-15 12:23:57', '7c8f2b3a-d186-4a63-911f-f97d6b2685a1');
INSERT INTO `craft_elements` (`id`, `type`, `enabled`, `archived`, `dateCreated`, `dateUpdated`, `uid`) VALUES ('23', 'GlobalSet', '1', '0', '2014-04-30 01:21:30', '2014-05-14 23:50:34', 'ec4d2e83-fe9b-41a4-abaa-6789a0d5c273');
INSERT INTO `craft_elements` (`id`, `type`, `enabled`, `archived`, `dateCreated`, `dateUpdated`, `uid`) VALUES ('24', 'Asset', '1', '0', '2014-05-04 15:47:45', '2014-05-23 01:44:58', 'd286a3d2-a7af-4139-a317-a7750816175a');
INSERT INTO `craft_elements` (`id`, `type`, `enabled`, `archived`, `dateCreated`, `dateUpdated`, `uid`) VALUES ('25', 'Entry', '1', '0', '2014-05-04 15:48:00', '2014-05-04 15:48:00', '1b188bd2-f392-49aa-85c8-2ffeabe56a78');
INSERT INTO `craft_elements` (`id`, `type`, `enabled`, `archived`, `dateCreated`, `dateUpdated`, `uid`) VALUES ('26', 'Entry', '1', '0', '2014-05-04 15:51:02', '2014-05-04 15:51:02', '1ee1f266-fcb8-4dc5-b305-46629669df4f');
INSERT INTO `craft_elements` (`id`, `type`, `enabled`, `archived`, `dateCreated`, `dateUpdated`, `uid`) VALUES ('27', 'Entry', '1', '0', '2014-05-04 15:52:53', '2014-05-04 15:52:53', 'd7af6bbb-8b5c-44a3-809e-1172bec9397e');
INSERT INTO `craft_elements` (`id`, `type`, `enabled`, `archived`, `dateCreated`, `dateUpdated`, `uid`) VALUES ('28', 'Entry', '1', '0', '2014-05-04 15:53:16', '2014-05-04 15:53:16', '0e0cb7a9-d14d-4a89-bf15-a91d08741f54');
INSERT INTO `craft_elements` (`id`, `type`, `enabled`, `archived`, `dateCreated`, `dateUpdated`, `uid`) VALUES ('29', 'Entry', '1', '0', '2014-05-04 15:53:32', '2014-05-04 15:53:32', '7c720404-efee-4c89-9d36-88e1b6663884');
INSERT INTO `craft_elements` (`id`, `type`, `enabled`, `archived`, `dateCreated`, `dateUpdated`, `uid`) VALUES ('30', 'GlobalSet', '1', '0', '2014-05-06 23:49:23', '2014-05-29 13:46:29', 'efcd4cc5-209a-4e74-b85f-feea4899ce6c');
INSERT INTO `craft_elements` (`id`, `type`, `enabled`, `archived`, `dateCreated`, `dateUpdated`, `uid`) VALUES ('31', 'MatrixBlock', '1', '0', '2014-05-06 23:50:15', '2014-05-29 13:46:30', '3df632b9-a8e7-40a2-9424-c6840b2e1734');
INSERT INTO `craft_elements` (`id`, `type`, `enabled`, `archived`, `dateCreated`, `dateUpdated`, `uid`) VALUES ('32', 'Asset', '1', '0', '2014-05-06 23:56:24', '2014-05-15 12:23:51', '92893a4e-2af5-4a2b-b00f-c425b7902620');
INSERT INTO `craft_elements` (`id`, `type`, `enabled`, `archived`, `dateCreated`, `dateUpdated`, `uid`) VALUES ('33', 'Asset', '1', '0', '2014-05-10 14:29:55', '2014-05-15 12:23:51', '80d07bf2-6fe4-4528-91a6-9bbec5ecdadf');
INSERT INTO `craft_elements` (`id`, `type`, `enabled`, `archived`, `dateCreated`, `dateUpdated`, `uid`) VALUES ('35', 'Asset', '1', '0', '2014-05-15 12:23:51', '2014-05-15 12:23:51', 'f3c832cf-e410-47d7-9416-4ede1ed5936a');
INSERT INTO `craft_elements` (`id`, `type`, `enabled`, `archived`, `dateCreated`, `dateUpdated`, `uid`) VALUES ('36', 'Asset', '1', '0', '2014-05-15 12:23:52', '2014-05-15 12:23:52', '15bff3db-c469-4c65-a056-1b21f929f226');
INSERT INTO `craft_elements` (`id`, `type`, `enabled`, `archived`, `dateCreated`, `dateUpdated`, `uid`) VALUES ('37', 'Entry', '1', '0', '2014-05-17 13:26:42', '2014-05-17 13:26:42', '0f7d00c2-3104-4f91-ae59-a03d57a9b3b5');
INSERT INTO `craft_elements` (`id`, `type`, `enabled`, `archived`, `dateCreated`, `dateUpdated`, `uid`) VALUES ('38', 'Entry', '1', '0', '2014-05-17 13:26:54', '2014-05-17 13:26:54', 'c73cc3ce-8adb-49ab-8293-c31c99778cdb');
INSERT INTO `craft_elements` (`id`, `type`, `enabled`, `archived`, `dateCreated`, `dateUpdated`, `uid`) VALUES ('39', 'Entry', '1', '0', '2014-05-17 13:27:02', '2014-05-17 13:27:02', '0a8e207b-daa0-4d60-ba58-4a8b6af788db');
INSERT INTO `craft_elements` (`id`, `type`, `enabled`, `archived`, `dateCreated`, `dateUpdated`, `uid`) VALUES ('40', 'Entry', '1', '0', '2014-05-17 13:28:11', '2014-05-17 13:35:53', '9d56863b-9684-48df-ad17-4c55a9398b0e');
INSERT INTO `craft_elements` (`id`, `type`, `enabled`, `archived`, `dateCreated`, `dateUpdated`, `uid`) VALUES ('41', 'Asset', '1', '0', '2014-05-17 13:35:42', '2014-05-17 13:35:42', '17a12fd0-094d-4b9b-be9f-56a044918ad8');
INSERT INTO `craft_elements` (`id`, `type`, `enabled`, `archived`, `dateCreated`, `dateUpdated`, `uid`) VALUES ('42', 'Asset', '1', '0', '2014-05-17 13:39:21', '2014-05-17 13:39:21', '4a4731cb-c057-4777-92fe-8f2c2624b132');
INSERT INTO `craft_elements` (`id`, `type`, `enabled`, `archived`, `dateCreated`, `dateUpdated`, `uid`) VALUES ('43', 'Entry', '1', '0', '2014-05-17 13:39:49', '2014-05-17 13:39:49', '295d2dcd-68af-409a-939f-a4484f7adebf');
INSERT INTO `craft_elements` (`id`, `type`, `enabled`, `archived`, `dateCreated`, `dateUpdated`, `uid`) VALUES ('44', 'Asset', '1', '0', '2014-05-17 13:46:36', '2014-05-17 13:46:36', '03f878a7-d9e3-491e-912e-ee44b6253175');
INSERT INTO `craft_elements` (`id`, `type`, `enabled`, `archived`, `dateCreated`, `dateUpdated`, `uid`) VALUES ('45', 'Entry', '1', '0', '2014-05-17 13:47:08', '2014-05-17 14:13:40', '8456a83e-f21f-4416-9c64-8a6a2469ecde');
INSERT INTO `craft_elements` (`id`, `type`, `enabled`, `archived`, `dateCreated`, `dateUpdated`, `uid`) VALUES ('46', 'Asset', '1', '0', '2014-05-17 14:15:12', '2014-05-17 14:15:12', 'd4059c53-fd5a-4c64-b080-ba862eb8de34');
INSERT INTO `craft_elements` (`id`, `type`, `enabled`, `archived`, `dateCreated`, `dateUpdated`, `uid`) VALUES ('47', 'Entry', '1', '0', '2014-05-17 14:15:27', '2014-05-17 14:15:27', '744111c7-f7c7-4859-bfa5-51067e568fd7');
INSERT INTO `craft_elements` (`id`, `type`, `enabled`, `archived`, `dateCreated`, `dateUpdated`, `uid`) VALUES ('48', 'Asset', '1', '0', '2014-05-23 01:44:56', '2014-05-23 01:44:57', '802f887d-6f2a-4783-8e81-dc6abbd64b54');
INSERT INTO `craft_elements` (`id`, `type`, `enabled`, `archived`, `dateCreated`, `dateUpdated`, `uid`) VALUES ('49', 'Asset', '1', '0', '2014-05-23 01:44:57', '2014-05-23 01:44:57', 'a3137403-0aa6-4f5d-be83-97f6ac3e0753');
INSERT INTO `craft_elements` (`id`, `type`, `enabled`, `archived`, `dateCreated`, `dateUpdated`, `uid`) VALUES ('50', 'Asset', '1', '0', '2014-05-23 01:44:57', '2014-05-23 01:44:57', '29c2c7c1-79d1-469c-98a3-fb76766e5c37');
INSERT INTO `craft_elements` (`id`, `type`, `enabled`, `archived`, `dateCreated`, `dateUpdated`, `uid`) VALUES ('51', 'Asset', '1', '0', '2014-05-23 01:44:58', '2014-05-23 01:44:58', '90e6a765-76b4-4382-9cc2-21681d262f8c');
INSERT INTO `craft_elements` (`id`, `type`, `enabled`, `archived`, `dateCreated`, `dateUpdated`, `uid`) VALUES ('52', 'Asset', '1', '0', '2014-05-23 01:44:58', '2014-05-23 01:44:58', '0fb86e19-bdec-4211-a662-a747fa6a843c');
INSERT INTO `craft_elements` (`id`, `type`, `enabled`, `archived`, `dateCreated`, `dateUpdated`, `uid`) VALUES ('53', 'Entry', '1', '0', '2014-05-23 01:45:26', '2014-05-23 01:45:26', '7fed5f59-edc0-436b-ba90-a8f17ec1cc19');
INSERT INTO `craft_elements` (`id`, `type`, `enabled`, `archived`, `dateCreated`, `dateUpdated`, `uid`) VALUES ('54', 'Entry', '1', '0', '2014-05-23 01:46:12', '2014-05-23 01:46:12', 'b163d280-9abc-445a-9d16-d1569bdee60c');
INSERT INTO `craft_elements` (`id`, `type`, `enabled`, `archived`, `dateCreated`, `dateUpdated`, `uid`) VALUES ('55', 'Entry', '1', '0', '2014-05-23 01:46:38', '2014-05-23 01:46:38', '443d35d8-eb97-41dc-bf20-16552d0a36b5');
INSERT INTO `craft_elements` (`id`, `type`, `enabled`, `archived`, `dateCreated`, `dateUpdated`, `uid`) VALUES ('56', 'Entry', '1', '0', '2014-05-23 01:47:08', '2014-05-23 01:47:08', 'f16627e0-ac7c-4419-b062-8fd64912f344');
INSERT INTO `craft_elements` (`id`, `type`, `enabled`, `archived`, `dateCreated`, `dateUpdated`, `uid`) VALUES ('57', 'Entry', '1', '0', '2014-05-23 01:47:24', '2014-05-23 01:47:38', '22c74794-f751-4061-b45b-7df0b6e2a482');
INSERT INTO `craft_elements` (`id`, `type`, `enabled`, `archived`, `dateCreated`, `dateUpdated`, `uid`) VALUES ('58', 'Entry', '1', '0', '2014-05-23 01:47:57', '2014-05-23 01:47:57', 'f413d0b7-b4cd-43d4-86e6-fe7a74533447');
INSERT INTO `craft_elements` (`id`, `type`, `enabled`, `archived`, `dateCreated`, `dateUpdated`, `uid`) VALUES ('59', 'Asset', '1', '0', '2014-05-29 13:46:16', '2014-05-29 13:46:16', '081787da-de47-4064-b1ca-deb05aa53fc7');



DROP TABLE IF EXISTS `craft_elements_i18n`;


--
-- Schema for table `craft_elements_i18n`
--
CREATE TABLE `craft_elements_i18n` (
  `id` int(11) NOT NULL AUTO_INCREMENT,
  `elementId` int(11) NOT NULL,
  `locale` char(12) COLLATE utf8_unicode_ci NOT NULL,
  `slug` varchar(255) COLLATE utf8_unicode_ci DEFAULT NULL,
  `uri` varchar(255) COLLATE utf8_unicode_ci DEFAULT NULL,
  `enabled` tinyint(1) unsigned NOT NULL DEFAULT '1',
  `dateCreated` datetime NOT NULL,
  `dateUpdated` datetime NOT NULL,
  `uid` char(36) COLLATE utf8_unicode_ci NOT NULL DEFAULT '0',
  PRIMARY KEY (`id`),
  UNIQUE KEY `craft_elements_i18n_elementId_locale_unq_idx` (`elementId`,`locale`),
  UNIQUE KEY `craft_elements_i18n_uri_locale_unq_idx` (`uri`,`locale`),
  KEY `craft_elements_i18n_slug_locale_idx` (`slug`,`locale`),
  KEY `craft_elements_i18n_enabled_idx` (`enabled`),
  KEY `craft_elements_i18n_locale_fk` (`locale`)
) ENGINE=InnoDB AUTO_INCREMENT=60 DEFAULT CHARSET=utf8 COLLATE=utf8_unicode_ci;

--
-- Data for table `craft_elements_i18n`
--

INSERT INTO `craft_elements_i18n` (`id`, `elementId`, `locale`, `slug`, `uri`, `enabled`, `dateCreated`, `dateUpdated`, `uid`) VALUES ('1', '1', 'en_us', '', NULL, '1', '2014-04-29 18:07:05', '2014-05-16 03:24:55', '3f35e43b-90cc-4459-a25f-eefa67ebb45a');
INSERT INTO `craft_elements_i18n` (`id`, `elementId`, `locale`, `slug`, `uri`, `enabled`, `dateCreated`, `dateUpdated`, `uid`) VALUES ('2', '2', 'en_us', 'homepage', '__home__', '1', '2014-04-29 18:07:09', '2014-04-29 18:07:09', '1a1e1bda-91fb-464d-83c4-d5ab6cff8189');
INSERT INTO `craft_elements_i18n` (`id`, `elementId`, `locale`, `slug`, `uri`, `enabled`, `dateCreated`, `dateUpdated`, `uid`) VALUES ('3', '3', 'en_us', 'we-just-installed-craft', 'news/2014/we-just-installed-craft', '1', '2014-04-29 18:07:10', '2014-04-29 18:07:10', '48de51b0-4e74-4e4a-a9e0-86281eea45ec');
INSERT INTO `craft_elements_i18n` (`id`, `elementId`, `locale`, `slug`, `uri`, `enabled`, `dateCreated`, `dateUpdated`, `uid`) VALUES ('4', '4', 'en_us', 'discovery-fastnloud-kraft', NULL, '1', '2014-04-29 22:38:04', '2014-05-15 12:23:52', '32a33242-8c7b-4c96-8141-98fd0c1b4587');
INSERT INTO `craft_elements_i18n` (`id`, `elementId`, `locale`, `slug`, `uri`, `enabled`, `dateCreated`, `dateUpdated`, `uid`) VALUES ('5', '5', 'en_us', 'fast-n-loud', 'work/fast-n-loud', '1', '2014-04-29 22:38:40', '2014-05-10 15:09:56', 'aaf7438d-68f5-4206-b94f-00d93e29eff3');
INSERT INTO `craft_elements_i18n` (`id`, `elementId`, `locale`, `slug`, `uri`, `enabled`, `dateCreated`, `dateUpdated`, `uid`) VALUES ('6', '6', 'en_us', '', NULL, '1', '2014-04-29 22:41:01', '2014-04-29 22:49:28', 'e2338725-bd77-41c4-9ae2-b5982c79d64d');
INSERT INTO `craft_elements_i18n` (`id`, `elementId`, `locale`, `slug`, `uri`, `enabled`, `dateCreated`, `dateUpdated`, `uid`) VALUES ('7', '7', 'en_us', 'discovery-3-days-to-kill', NULL, '1', '2014-04-29 23:15:49', '2014-05-15 12:23:50', '9e8b2b8f-bc28-4367-bb91-32a80c615632');
INSERT INTO `craft_elements_i18n` (`id`, `elementId`, `locale`, `slug`, `uri`, `enabled`, `dateCreated`, `dateUpdated`, `uid`) VALUES ('8', '8', 'en_us', 'discovery-fastnloud-kraft', NULL, '1', '2014-04-29 23:15:49', '2014-05-15 12:23:52', 'ee0a0491-5640-4a53-81a0-108fd2a1ebe5');
INSERT INTO `craft_elements_i18n` (`id`, `elementId`, `locale`, `slug`, `uri`, `enabled`, `dateCreated`, `dateUpdated`, `uid`) VALUES ('9', '9', 'en_us', 'discovery-playstation', NULL, '1', '2014-04-29 23:15:50', '2014-05-15 12:23:52', '0f39eff0-d559-4713-9137-945eadc229a8');
INSERT INTO `craft_elements_i18n` (`id`, `elementId`, `locale`, `slug`, `uri`, `enabled`, `dateCreated`, `dateUpdated`, `uid`) VALUES ('10', '10', 'en_us', 'doomsday-psa-power-30-website-reel', NULL, '1', '2014-04-29 23:15:50', '2014-05-15 12:23:53', 'fc259062-a847-4d50-a27e-d8813c99f087');
INSERT INTO `craft_elements_i18n` (`id`, `elementId`, `locale`, `slug`, `uri`, `enabled`, `dateCreated`, `dateUpdated`, `uid`) VALUES ('11', '11', 'en_us', 'doomsday-psa-weather-30-website-reel', NULL, '1', '2014-04-29 23:15:50', '2014-05-15 12:23:54', '6df01bac-8917-4ea0-97d3-d91c68a0f624');
INSERT INTO `craft_elements_i18n` (`id`, `elementId`, `locale`, `slug`, `uri`, `enabled`, `dateCreated`, `dateUpdated`, `uid`) VALUES ('12', '12', 'en_us', 'lao-svu-launch-wb-web-settings', NULL, '1', '2014-04-29 23:15:51', '2014-05-15 12:23:54', '57ff8af0-7c27-4ca6-8a20-2f8d36c946fc');
INSERT INTO `craft_elements_i18n` (`id`, `elementId`, `locale`, `slug`, `uri`, `enabled`, `dateCreated`, `dateUpdated`, `uid`) VALUES ('13', '13', 'en_us', 'tbs-target-cougartown-design', NULL, '1', '2014-04-29 23:15:51', '2014-05-15 12:23:54', '8086af71-ef98-48c0-bd05-3c2ee2fd5ef8');
INSERT INTO `craft_elements_i18n` (`id`, `elementId`, `locale`, `slug`, `uri`, `enabled`, `dateCreated`, `dateUpdated`, `uid`) VALUES ('14', '14', 'en_us', 'tbs-target-cougartown-laurie', NULL, '1', '2014-04-29 23:15:51', '2014-05-15 12:23:55', '5f2693c4-1852-440b-8c55-f4c2bccb1cad');
INSERT INTO `craft_elements_i18n` (`id`, `elementId`, `locale`, `slug`, `uri`, `enabled`, `dateCreated`, `dateUpdated`, `uid`) VALUES ('15', '15', 'en_us', 'tbs-target-cougartown-promo', NULL, '1', '2014-04-29 23:15:52', '2014-05-15 12:23:55', '4c348c51-e729-4635-9a12-6549cf861a83');
INSERT INTO `craft_elements_i18n` (`id`, `elementId`, `locale`, `slug`, `uri`, `enabled`, `dateCreated`, `dateUpdated`, `uid`) VALUES ('16', '16', 'en_us', 'tlc-arm-and-hammer', NULL, '1', '2014-04-29 23:15:52', '2014-05-15 12:23:55', '3fa28052-243c-4a3b-bc9f-9b72bbf5259c');
INSERT INTO `craft_elements_i18n` (`id`, `elementId`, `locale`, `slug`, `uri`, `enabled`, `dateCreated`, `dateUpdated`, `uid`) VALUES ('17', '17', 'en_us', 'tlc-going-the-distance-hybrid', NULL, '1', '2014-04-29 23:15:52', '2014-05-15 12:23:56', 'ba12343d-1176-4181-9db2-7f10af8fb2c3');
INSERT INTO `craft_elements_i18n` (`id`, `elementId`, `locale`, `slug`, `uri`, `enabled`, `dateCreated`, `dateUpdated`, `uid`) VALUES ('18', '18', 'en_us', 'tlc-going-the-distance-promo', NULL, '1', '2014-04-29 23:15:53', '2014-05-15 12:23:56', 'aeb7c38d-8948-49d1-bf2e-4dd7e1cafc49');
INSERT INTO `craft_elements_i18n` (`id`, `elementId`, `locale`, `slug`, `uri`, `enabled`, `dateCreated`, `dateUpdated`, `uid`) VALUES ('19', '19', 'en_us', 'tlc-toyota-venza-website-reel', NULL, '1', '2014-04-29 23:15:53', '2014-05-15 12:23:56', '4e918993-6215-499c-b9b6-96e1835a11e1');
INSERT INTO `craft_elements_i18n` (`id`, `elementId`, `locale`, `slug`, `uri`, `enabled`, `dateCreated`, `dateUpdated`, `uid`) VALUES ('20', '20', 'en_us', 'tlc-kleenex-website-reel', NULL, '1', '2014-04-29 23:15:53', '2014-05-15 12:23:57', 'c90121e5-da88-48ad-a182-1788d16bda97');
INSERT INTO `craft_elements_i18n` (`id`, `elementId`, `locale`, `slug`, `uri`, `enabled`, `dateCreated`, `dateUpdated`, `uid`) VALUES ('21', '21', 'en_us', 'uproar-auditions-psa-website', NULL, '1', '2014-04-29 23:15:54', '2014-05-15 12:23:57', '787c13d3-1cf0-414f-ae4e-10f64efa99ee');
INSERT INTO `craft_elements_i18n` (`id`, `elementId`, `locale`, `slug`, `uri`, `enabled`, `dateCreated`, `dateUpdated`, `uid`) VALUES ('22', '22', 'en_us', 'velocity-vinsetta', NULL, '1', '2014-04-29 23:15:54', '2014-05-15 12:23:57', '6ad31173-4f33-4eed-a96b-d2791ad8c863');
INSERT INTO `craft_elements_i18n` (`id`, `elementId`, `locale`, `slug`, `uri`, `enabled`, `dateCreated`, `dateUpdated`, `uid`) VALUES ('23', '23', 'en_us', '', NULL, '1', '2014-04-30 01:21:30', '2014-05-14 23:50:37', 'bd83a246-e849-4f8e-9a21-691e9350b802');
INSERT INTO `craft_elements_i18n` (`id`, `elementId`, `locale`, `slug`, `uri`, `enabled`, `dateCreated`, `dateUpdated`, `uid`) VALUES ('24', '24', 'en_us', 'logo-wb', NULL, '1', '2014-05-04 15:47:45', '2014-05-23 01:44:58', '107d29e0-fb8f-4f28-a4ee-748a937739c0');
INSERT INTO `craft_elements_i18n` (`id`, `elementId`, `locale`, `slug`, `uri`, `enabled`, `dateCreated`, `dateUpdated`, `uid`) VALUES ('25', '25', 'en_us', 'wb', 'clients/wb', '1', '2014-05-04 15:48:01', '2014-05-04 15:48:01', '79472769-b645-446b-a16d-d63fb03e5470');
INSERT INTO `craft_elements_i18n` (`id`, `elementId`, `locale`, `slug`, `uri`, `enabled`, `dateCreated`, `dateUpdated`, `uid`) VALUES ('26', '26', 'en_us', 'david-gold', 'denizens/david-gold', '1', '2014-05-04 15:51:02', '2014-05-04 15:51:02', 'dc8d3667-458b-4987-b42f-a663026f83f7');
INSERT INTO `craft_elements_i18n` (`id`, `elementId`, `locale`, `slug`, `uri`, `enabled`, `dateCreated`, `dateUpdated`, `uid`) VALUES ('27', '27', 'en_us', 'chris-mckenna', 'denizens/chris-mckenna', '1', '2014-05-04 15:52:53', '2014-05-04 15:52:53', 'f7c6b729-3de4-4530-b7f8-dc588892fde0');
INSERT INTO `craft_elements_i18n` (`id`, `elementId`, `locale`, `slug`, `uri`, `enabled`, `dateCreated`, `dateUpdated`, `uid`) VALUES ('28', '28', 'en_us', 'monica-hinden', 'denizens/monica-hinden', '1', '2014-05-04 15:53:16', '2014-05-04 15:53:16', '8bc0c908-8058-484b-a4d3-fe55db114053');
INSERT INTO `craft_elements_i18n` (`id`, `elementId`, `locale`, `slug`, `uri`, `enabled`, `dateCreated`, `dateUpdated`, `uid`) VALUES ('29', '29', 'en_us', 'keith-dorsch', 'denizens/keith-dorsch', '1', '2014-05-04 15:53:32', '2014-05-04 15:53:32', 'c07142e6-7d62-4488-a094-dd6c1bd9206e');
INSERT INTO `craft_elements_i18n` (`id`, `elementId`, `locale`, `slug`, `uri`, `enabled`, `dateCreated`, `dateUpdated`, `uid`) VALUES ('30', '30', 'en_us', '', NULL, '1', '2014-05-06 23:49:24', '2014-05-29 13:46:30', 'e4af8bd8-0a4c-4ebb-8160-9b182a286817');
INSERT INTO `craft_elements_i18n` (`id`, `elementId`, `locale`, `slug`, `uri`, `enabled`, `dateCreated`, `dateUpdated`, `uid`) VALUES ('31', '31', 'en_us', '', NULL, '1', '2014-05-06 23:50:15', '2014-05-29 13:46:30', 'd3a29acd-a453-4750-a2cd-9b639c028b32');
INSERT INTO `craft_elements_i18n` (`id`, `elementId`, `locale`, `slug`, `uri`, `enabled`, `dateCreated`, `dateUpdated`, `uid`) VALUES ('32', '32', 'en_us', 'landing', NULL, '1', '2014-05-06 23:56:24', '2014-05-15 12:23:51', 'fb7ce9f5-8929-463a-ace2-491b1ec2fcde');
INSERT INTO `craft_elements_i18n` (`id`, `elementId`, `locale`, `slug`, `uri`, `enabled`, `dateCreated`, `dateUpdated`, `uid`) VALUES ('33', '33', 'en_us', 'ogg-sample', NULL, '1', '2014-05-10 14:29:55', '2014-05-15 12:23:51', '5989d7c0-0484-468a-aa0a-15edde9df85c');
INSERT INTO `craft_elements_i18n` (`id`, `elementId`, `locale`, `slug`, `uri`, `enabled`, `dateCreated`, `dateUpdated`, `uid`) VALUES ('35', '35', 'en_us', 'denizen-v4', NULL, '1', '2014-05-15 12:23:51', '2014-05-15 12:23:51', 'ba336e24-2f03-43a6-8bad-894cfc44e09b');
INSERT INTO `craft_elements_i18n` (`id`, `elementId`, `locale`, `slug`, `uri`, `enabled`, `dateCreated`, `dateUpdated`, `uid`) VALUES ('36', '36', 'en_us', 'ogg-sample', NULL, '1', '2014-05-15 12:23:52', '2014-05-15 12:23:52', 'a1b56235-75db-4282-b00b-fffe91727e4a');
INSERT INTO `craft_elements_i18n` (`id`, `elementId`, `locale`, `slug`, `uri`, `enabled`, `dateCreated`, `dateUpdated`, `uid`) VALUES ('37', '37', 'en_us', 'discovery', 'clients/discovery', '1', '2014-05-17 13:26:42', '2014-05-17 13:26:42', 'a5d9e280-cc26-49b4-a537-5d117dfa050c');
INSERT INTO `craft_elements_i18n` (`id`, `elementId`, `locale`, `slug`, `uri`, `enabled`, `dateCreated`, `dateUpdated`, `uid`) VALUES ('38', '38', 'en_us', 'tbs', 'clients/tbs', '1', '2014-05-17 13:26:54', '2014-05-17 13:26:54', 'b41e6163-54d2-404d-9be2-93f50c2a7ade');
INSERT INTO `craft_elements_i18n` (`id`, `elementId`, `locale`, `slug`, `uri`, `enabled`, `dateCreated`, `dateUpdated`, `uid`) VALUES ('39', '39', 'en_us', 'tlc', 'clients/tlc', '1', '2014-05-17 13:27:02', '2014-05-17 13:27:02', '21453ccd-5184-4164-91b7-db95bb174ca9');
INSERT INTO `craft_elements_i18n` (`id`, `elementId`, `locale`, `slug`, `uri`, `enabled`, `dateCreated`, `dateUpdated`, `uid`) VALUES ('40', '40', 'en_us', '3-days-to-kill', 'work/3-days-to-kill', '1', '2014-05-17 13:28:11', '2014-05-17 13:35:54', '9e489aa2-6a86-417e-b57c-86ff26ae1686');
INSERT INTO `craft_elements_i18n` (`id`, `elementId`, `locale`, `slug`, `uri`, `enabled`, `dateCreated`, `dateUpdated`, `uid`) VALUES ('41', '41', 'en_us', 'discovery-3-days-to-kill', NULL, '1', '2014-05-17 13:35:42', '2014-05-17 13:35:42', 'a864ef81-9532-44a2-b12b-242ad8e0206d');
INSERT INTO `craft_elements_i18n` (`id`, `elementId`, `locale`, `slug`, `uri`, `enabled`, `dateCreated`, `dateUpdated`, `uid`) VALUES ('42', '42', 'en_us', 'discovery-playstation', NULL, '1', '2014-05-17 13:39:21', '2014-05-17 13:39:21', '5fdba21f-a6ec-4137-ba62-bc84f77be773');
INSERT INTO `craft_elements_i18n` (`id`, `elementId`, `locale`, `slug`, `uri`, `enabled`, `dateCreated`, `dateUpdated`, `uid`) VALUES ('43', '43', 'en_us', 'playstation', 'work/playstation', '1', '2014-05-17 13:39:49', '2014-05-17 13:39:49', '0c6fa46a-4662-4a7f-b1a4-9b2069b4e4ca');
INSERT INTO `craft_elements_i18n` (`id`, `elementId`, `locale`, `slug`, `uri`, `enabled`, `dateCreated`, `dateUpdated`, `uid`) VALUES ('44', '44', 'en_us', 'lao-svu-launch-wb-web-settings', NULL, '1', '2014-05-17 13:46:36', '2014-05-17 13:46:36', '17e204fa-21c4-4e09-b93d-8ddfd6a86a4f');
INSERT INTO `craft_elements_i18n` (`id`, `elementId`, `locale`, `slug`, `uri`, `enabled`, `dateCreated`, `dateUpdated`, `uid`) VALUES ('45', '45', 'en_us', 'law-and-order-svu', 'work/law-and-order-svu', '1', '2014-05-17 13:47:08', '2014-05-17 14:13:40', '3ae104cf-d7c4-4f0f-9efd-301044d406a8');
INSERT INTO `craft_elements_i18n` (`id`, `elementId`, `locale`, `slug`, `uri`, `enabled`, `dateCreated`, `dateUpdated`, `uid`) VALUES ('46', '46', 'en_us', 'uproar-auditions-psa-website', NULL, '1', '2014-05-17 14:15:12', '2014-05-17 14:15:12', '72dfb7cb-7024-4e3d-9b46-08a6f1b871e8');
INSERT INTO `craft_elements_i18n` (`id`, `elementId`, `locale`, `slug`, `uri`, `enabled`, `dateCreated`, `dateUpdated`, `uid`) VALUES ('47', '47', 'en_us', 'uproar-auditions', 'work/uproar-auditions', '1', '2014-05-17 14:15:27', '2014-05-17 14:15:27', '81c3db92-7696-4e9d-b688-2afb898063d3');
INSERT INTO `craft_elements_i18n` (`id`, `elementId`, `locale`, `slug`, `uri`, `enabled`, `dateCreated`, `dateUpdated`, `uid`) VALUES ('48', '48', 'en_us', '20thtv-white', NULL, '1', '2014-05-23 01:44:56', '2014-05-23 01:44:57', 'f2a9ae80-4b44-448b-a138-f3abb801b0c9');
INSERT INTO `craft_elements_i18n` (`id`, `elementId`, `locale`, `slug`, `uri`, `enabled`, `dateCreated`, `dateUpdated`, `uid`) VALUES ('49', '49', 'en_us', 'nbcutd-white-logo', NULL, '1', '2014-05-23 01:44:57', '2014-05-23 01:44:57', '10b1fc74-b625-4ff1-baf1-5c4e015d3bad');
INSERT INTO `craft_elements_i18n` (`id`, `elementId`, `locale`, `slug`, `uri`, `enabled`, `dateCreated`, `dateUpdated`, `uid`) VALUES ('50', '50', 'en_us', 'nat-geo-wild-logo-white', NULL, '1', '2014-05-23 01:44:57', '2014-05-23 01:44:57', '94703243-0241-4284-ba2d-bb26dc882a46');
INSERT INTO `craft_elements_i18n` (`id`, `elementId`, `locale`, `slug`, `uri`, `enabled`, `dateCreated`, `dateUpdated`, `uid`) VALUES ('51', '51', 'en_us', 'twc-white', NULL, '1', '2014-05-23 01:44:58', '2014-05-23 01:44:58', '39e48ab3-42c3-43ae-b713-eab78a2b774d');
INSERT INTO `craft_elements_i18n` (`id`, `elementId`, `locale`, `slug`, `uri`, `enabled`, `dateCreated`, `dateUpdated`, `uid`) VALUES ('52', '52', 'en_us', 'velocity-white', NULL, '1', '2014-05-23 01:44:58', '2014-05-23 01:44:58', '3c242b58-b969-438c-8660-31701952ded8');
INSERT INTO `craft_elements_i18n` (`id`, `elementId`, `locale`, `slug`, `uri`, `enabled`, `dateCreated`, `dateUpdated`, `uid`) VALUES ('53', '53', 'en_us', 'discovery-1', 'clients/discovery-1', '1', '2014-05-23 01:45:26', '2014-05-23 01:45:26', 'ecec6b03-a678-4a17-806a-288a008c4e2a');
INSERT INTO `craft_elements_i18n` (`id`, `elementId`, `locale`, `slug`, `uri`, `enabled`, `dateCreated`, `dateUpdated`, `uid`) VALUES ('54', '54', 'en_us', 'the-weather-channel', 'clients/the-weather-channel', '1', '2014-05-23 01:46:12', '2014-05-23 01:46:12', '38b982ec-3e22-4183-afd1-775566a3a62b');
INSERT INTO `craft_elements_i18n` (`id`, `elementId`, `locale`, `slug`, `uri`, `enabled`, `dateCreated`, `dateUpdated`, `uid`) VALUES ('55', '55', 'en_us', 'nat-geo-wild', 'clients/nat-geo-wild', '1', '2014-05-23 01:46:38', '2014-05-23 01:46:38', '1aae53db-4c01-4fcc-b1c4-d0b5e9f54c10');
INSERT INTO `craft_elements_i18n` (`id`, `elementId`, `locale`, `slug`, `uri`, `enabled`, `dateCreated`, `dateUpdated`, `uid`) VALUES ('56', '56', 'en_us', 'velocity', 'clients/velocity', '1', '2014-05-23 01:47:08', '2014-05-23 01:47:08', '30bc89a7-4fd0-439c-b102-57d8733b296b');
INSERT INTO `craft_elements_i18n` (`id`, `elementId`, `locale`, `slug`, `uri`, `enabled`, `dateCreated`, `dateUpdated`, `uid`) VALUES ('57', '57', 'en_us', '20th-television', 'clients/20th-television', '1', '2014-05-23 01:47:24', '2014-05-23 01:47:38', '50972081-3a55-4dbe-8774-9842eb213932');
INSERT INTO `craft_elements_i18n` (`id`, `elementId`, `locale`, `slug`, `uri`, `enabled`, `dateCreated`, `dateUpdated`, `uid`) VALUES ('58', '58', 'en_us', 'nbcuniversal-television-distribution', 'clients/nbcuniversal-television-distribution', '1', '2014-05-23 01:47:57', '2014-05-23 01:47:57', '6765b82e-f5bd-4fd4-81dc-1ec88869b247');
INSERT INTO `craft_elements_i18n` (`id`, `elementId`, `locale`, `slug`, `uri`, `enabled`, `dateCreated`, `dateUpdated`, `uid`) VALUES ('59', '59', 'en_us', 'denizen-cave', NULL, '1', '2014-05-29 13:46:17', '2014-05-29 13:46:17', '6ad1e375-ae18-4bc1-b53c-a775927be281');



DROP TABLE IF EXISTS `craft_emailmessages`;


--
-- Schema for table `craft_emailmessages`
--
CREATE TABLE `craft_emailmessages` (
  `id` int(11) NOT NULL AUTO_INCREMENT,
  `key` char(150) COLLATE utf8_unicode_ci NOT NULL,
  `locale` char(12) COLLATE utf8_unicode_ci NOT NULL,
  `subject` varchar(1000) COLLATE utf8_unicode_ci NOT NULL,
  `body` text COLLATE utf8_unicode_ci NOT NULL,
  `dateCreated` datetime NOT NULL,
  `dateUpdated` datetime NOT NULL,
  `uid` char(36) COLLATE utf8_unicode_ci NOT NULL DEFAULT '0',
  PRIMARY KEY (`id`),
  UNIQUE KEY `craft_emailmessages_key_locale_unq_idx` (`key`,`locale`),
  KEY `craft_emailmessages_locale_fk` (`locale`)
) ENGINE=InnoDB DEFAULT CHARSET=utf8 COLLATE=utf8_unicode_ci;

DROP TABLE IF EXISTS `craft_entries`;


--
-- Schema for table `craft_entries`
--
CREATE TABLE `craft_entries` (
  `id` int(11) NOT NULL,
  `sectionId` int(11) NOT NULL,
  `typeId` int(11) DEFAULT NULL,
  `authorId` int(11) DEFAULT NULL,
  `postDate` datetime DEFAULT NULL,
  `expiryDate` datetime DEFAULT NULL,
  `dateCreated` datetime NOT NULL,
  `dateUpdated` datetime NOT NULL,
  `uid` char(36) COLLATE utf8_unicode_ci NOT NULL DEFAULT '0',
  PRIMARY KEY (`id`),
  KEY `craft_entries_sectionId_idx` (`sectionId`),
  KEY `craft_entries_typeId_idx` (`typeId`),
  KEY `craft_entries_postDate_idx` (`postDate`),
  KEY `craft_entries_expiryDate_idx` (`expiryDate`),
  KEY `craft_entries_authorId_fk` (`authorId`)
) ENGINE=InnoDB DEFAULT CHARSET=utf8 COLLATE=utf8_unicode_ci;

--
-- Data for table `craft_entries`
--

INSERT INTO `craft_entries` (`id`, `sectionId`, `typeId`, `authorId`, `postDate`, `expiryDate`, `dateCreated`, `dateUpdated`, `uid`) VALUES ('2', '1', '1', NULL, '2014-04-29 18:07:09', NULL, '2014-04-29 18:07:09', '2014-04-29 18:07:09', '052dacd1-d904-405e-a491-e0bc19593449');
INSERT INTO `craft_entries` (`id`, `sectionId`, `typeId`, `authorId`, `postDate`, `expiryDate`, `dateCreated`, `dateUpdated`, `uid`) VALUES ('3', '2', '2', '1', '2014-04-29 18:07:09', NULL, '2014-04-29 18:07:10', '2014-04-29 18:07:10', '48786372-21fb-42e2-b5e0-84fd63640f06');
INSERT INTO `craft_entries` (`id`, `sectionId`, `typeId`, `authorId`, `postDate`, `expiryDate`, `dateCreated`, `dateUpdated`, `uid`) VALUES ('5', '3', '3', '1', '2014-04-29 22:38:00', NULL, '2014-04-29 22:38:40', '2014-05-10 15:09:57', 'be2b02aa-1a00-4f7c-a3ad-a1f12b96c136');
INSERT INTO `craft_entries` (`id`, `sectionId`, `typeId`, `authorId`, `postDate`, `expiryDate`, `dateCreated`, `dateUpdated`, `uid`) VALUES ('25', '4', '4', '1', '2014-05-04 15:48:00', NULL, '2014-05-04 15:48:01', '2014-05-04 15:48:01', 'e3609cd1-fd24-410e-993c-ae016d1b88b9');
INSERT INTO `craft_entries` (`id`, `sectionId`, `typeId`, `authorId`, `postDate`, `expiryDate`, `dateCreated`, `dateUpdated`, `uid`) VALUES ('26', '5', '5', '1', '2014-05-04 15:51:02', NULL, '2014-05-04 15:51:02', '2014-05-04 15:51:02', 'f18482bb-e8d9-4060-b021-0d9b526f95cc');
INSERT INTO `craft_entries` (`id`, `sectionId`, `typeId`, `authorId`, `postDate`, `expiryDate`, `dateCreated`, `dateUpdated`, `uid`) VALUES ('27', '5', '5', '1', '2014-05-04 15:52:53', NULL, '2014-05-04 15:52:53', '2014-05-04 15:52:53', '9cda2ad8-32dd-4654-8dbf-5667bd4db295');
INSERT INTO `craft_entries` (`id`, `sectionId`, `typeId`, `authorId`, `postDate`, `expiryDate`, `dateCreated`, `dateUpdated`, `uid`) VALUES ('28', '5', '5', '1', '2014-05-04 15:53:16', NULL, '2014-05-04 15:53:16', '2014-05-04 15:53:16', 'ae372352-0a85-485b-8d2f-9194d82e118b');
INSERT INTO `craft_entries` (`id`, `sectionId`, `typeId`, `authorId`, `postDate`, `expiryDate`, `dateCreated`, `dateUpdated`, `uid`) VALUES ('29', '5', '5', '1', '2014-05-04 15:53:32', NULL, '2014-05-04 15:53:32', '2014-05-04 15:53:32', 'f2f9fe9b-5924-4b7d-bdfe-8e27261b4118');
INSERT INTO `craft_entries` (`id`, `sectionId`, `typeId`, `authorId`, `postDate`, `expiryDate`, `dateCreated`, `dateUpdated`, `uid`) VALUES ('37', '4', '4', '1', '2014-05-17 13:26:41', NULL, '2014-05-17 13:26:42', '2014-05-17 13:26:42', '003b2aa7-3bf5-4d20-a36f-dcaa229c0af9');
INSERT INTO `craft_entries` (`id`, `sectionId`, `typeId`, `authorId`, `postDate`, `expiryDate`, `dateCreated`, `dateUpdated`, `uid`) VALUES ('38', '4', '4', '1', '2014-05-17 13:26:54', NULL, '2014-05-17 13:26:54', '2014-05-17 13:26:54', 'd935e4a4-4cf2-4f7e-ad9d-d33cf87cf7ee');
INSERT INTO `craft_entries` (`id`, `sectionId`, `typeId`, `authorId`, `postDate`, `expiryDate`, `dateCreated`, `dateUpdated`, `uid`) VALUES ('39', '4', '4', '1', '2014-05-17 13:27:02', NULL, '2014-05-17 13:27:02', '2014-05-17 13:27:02', 'd80b10a4-8184-4d37-a864-d8ab1a5b1342');
INSERT INTO `craft_entries` (`id`, `sectionId`, `typeId`, `authorId`, `postDate`, `expiryDate`, `dateCreated`, `dateUpdated`, `uid`) VALUES ('40', '3', '3', '1', '2014-05-17 13:28:00', NULL, '2014-05-17 13:28:11', '2014-05-17 13:35:54', '937f079a-1aaf-4408-87ad-7bb986ac7ebe');
INSERT INTO `craft_entries` (`id`, `sectionId`, `typeId`, `authorId`, `postDate`, `expiryDate`, `dateCreated`, `dateUpdated`, `uid`) VALUES ('43', '3', '3', '1', '2014-05-17 13:39:49', NULL, '2014-05-17 13:39:49', '2014-05-17 13:39:49', '2ee7afe5-e0d9-425e-a48a-c921f6d00266');
INSERT INTO `craft_entries` (`id`, `sectionId`, `typeId`, `authorId`, `postDate`, `expiryDate`, `dateCreated`, `dateUpdated`, `uid`) VALUES ('45', '3', '3', '1', '2014-05-17 13:47:00', NULL, '2014-05-17 13:47:08', '2014-05-17 14:13:40', '1bd2cf26-0712-4f08-8b62-6cf7c1aecb09');
INSERT INTO `craft_entries` (`id`, `sectionId`, `typeId`, `authorId`, `postDate`, `expiryDate`, `dateCreated`, `dateUpdated`, `uid`) VALUES ('47', '3', '3', '1', '2014-05-17 14:15:27', NULL, '2014-05-17 14:15:27', '2014-05-17 14:15:27', '0c3e6101-8db8-43b6-a33e-9baec4a9aa63');
INSERT INTO `craft_entries` (`id`, `sectionId`, `typeId`, `authorId`, `postDate`, `expiryDate`, `dateCreated`, `dateUpdated`, `uid`) VALUES ('53', '4', '4', '1', '2014-05-23 01:45:26', NULL, '2014-05-23 01:45:26', '2014-05-23 01:45:26', 'c28e8620-bf53-4c15-9a83-3ec75cfe7061');
INSERT INTO `craft_entries` (`id`, `sectionId`, `typeId`, `authorId`, `postDate`, `expiryDate`, `dateCreated`, `dateUpdated`, `uid`) VALUES ('54', '4', '4', '1', '2014-05-23 01:46:12', NULL, '2014-05-23 01:46:12', '2014-05-23 01:46:12', 'e370bdf9-9703-4b5d-ac0d-a87617f0aa07');
INSERT INTO `craft_entries` (`id`, `sectionId`, `typeId`, `authorId`, `postDate`, `expiryDate`, `dateCreated`, `dateUpdated`, `uid`) VALUES ('55', '4', '4', '1', '2014-05-23 01:46:38', NULL, '2014-05-23 01:46:38', '2014-05-23 01:46:38', '991639ba-fe63-418e-88ee-b3a1e5a4833e');
INSERT INTO `craft_entries` (`id`, `sectionId`, `typeId`, `authorId`, `postDate`, `expiryDate`, `dateCreated`, `dateUpdated`, `uid`) VALUES ('56', '4', '4', '1', '2014-05-23 01:47:08', NULL, '2014-05-23 01:47:08', '2014-05-23 01:47:08', 'bc73977b-0331-47a3-b7e2-d06b04bc5282');
INSERT INTO `craft_entries` (`id`, `sectionId`, `typeId`, `authorId`, `postDate`, `expiryDate`, `dateCreated`, `dateUpdated`, `uid`) VALUES ('57', '4', '4', '1', '2014-05-23 01:47:00', NULL, '2014-05-23 01:47:24', '2014-05-23 01:47:38', 'ce8e7955-13c6-4416-affc-ec9956d11e96');
INSERT INTO `craft_entries` (`id`, `sectionId`, `typeId`, `authorId`, `postDate`, `expiryDate`, `dateCreated`, `dateUpdated`, `uid`) VALUES ('58', '4', '4', '1', '2014-05-23 01:47:57', NULL, '2014-05-23 01:47:57', '2014-05-23 01:47:57', 'fb238cef-1428-427a-a76c-716d6d59abfb');



DROP TABLE IF EXISTS `craft_entrydrafts`;


--
-- Schema for table `craft_entrydrafts`
--
CREATE TABLE `craft_entrydrafts` (
  `id` int(11) NOT NULL AUTO_INCREMENT,
  `entryId` int(11) NOT NULL,
  `sectionId` int(11) NOT NULL,
  `creatorId` int(11) NOT NULL,
  `locale` char(12) COLLATE utf8_unicode_ci NOT NULL,
  `name` varchar(255) COLLATE utf8_unicode_ci NOT NULL,
  `notes` tinytext COLLATE utf8_unicode_ci,
  `data` mediumtext COLLATE utf8_unicode_ci NOT NULL,
  `dateCreated` datetime NOT NULL,
  `dateUpdated` datetime NOT NULL,
  `uid` char(36) COLLATE utf8_unicode_ci NOT NULL DEFAULT '0',
  PRIMARY KEY (`id`),
  KEY `craft_entrydrafts_entryId_locale_idx` (`entryId`,`locale`),
  KEY `craft_entrydrafts_sectionId_fk` (`sectionId`),
  KEY `craft_entrydrafts_creatorId_fk` (`creatorId`),
  KEY `craft_entrydrafts_locale_fk` (`locale`)
) ENGINE=InnoDB DEFAULT CHARSET=utf8 COLLATE=utf8_unicode_ci;

DROP TABLE IF EXISTS `craft_entrytypes`;


--
-- Schema for table `craft_entrytypes`
--
CREATE TABLE `craft_entrytypes` (
  `id` int(11) NOT NULL AUTO_INCREMENT,
  `sectionId` int(11) NOT NULL,
  `fieldLayoutId` int(11) DEFAULT NULL,
  `name` varchar(255) COLLATE utf8_unicode_ci NOT NULL,
  `handle` varchar(255) COLLATE utf8_unicode_ci NOT NULL,
  `hasTitleField` tinyint(1) unsigned NOT NULL DEFAULT '1',
  `titleLabel` varchar(255) COLLATE utf8_unicode_ci DEFAULT 'Title',
  `titleFormat` varchar(255) COLLATE utf8_unicode_ci DEFAULT NULL,
  `sortOrder` tinyint(4) DEFAULT NULL,
  `dateCreated` datetime NOT NULL,
  `dateUpdated` datetime NOT NULL,
  `uid` char(36) COLLATE utf8_unicode_ci NOT NULL DEFAULT '0',
  PRIMARY KEY (`id`),
  UNIQUE KEY `craft_entrytypes_name_sectionId_unq_idx` (`name`,`sectionId`),
  UNIQUE KEY `craft_entrytypes_handle_sectionId_unq_idx` (`handle`,`sectionId`),
  KEY `craft_entrytypes_sectionId_fk` (`sectionId`),
  KEY `craft_entrytypes_fieldLayoutId_fk` (`fieldLayoutId`)
) ENGINE=InnoDB AUTO_INCREMENT=6 DEFAULT CHARSET=utf8 COLLATE=utf8_unicode_ci;

--
-- Data for table `craft_entrytypes`
--

INSERT INTO `craft_entrytypes` (`id`, `sectionId`, `fieldLayoutId`, `name`, `handle`, `hasTitleField`, `titleLabel`, `titleFormat`, `sortOrder`, `dateCreated`, `dateUpdated`, `uid`) VALUES ('1', '1', '3', 'Homepage', 'homepage', '1', 'Title', NULL, NULL, '2014-04-29 18:07:09', '2014-04-29 18:07:09', '70ad6385-7d1a-46dc-aa15-6bc06278f3c6');
INSERT INTO `craft_entrytypes` (`id`, `sectionId`, `fieldLayoutId`, `name`, `handle`, `hasTitleField`, `titleLabel`, `titleFormat`, `sortOrder`, `dateCreated`, `dateUpdated`, `uid`) VALUES ('2', '2', '32', 'News', 'news', '1', 'Title', NULL, NULL, '2014-04-29 18:07:09', '2014-05-09 12:59:03', 'af662613-72da-4168-9216-f5c9e73e4d31');
INSERT INTO `craft_entrytypes` (`id`, `sectionId`, `fieldLayoutId`, `name`, `handle`, `hasTitleField`, `titleLabel`, `titleFormat`, `sortOrder`, `dateCreated`, `dateUpdated`, `uid`) VALUES ('3', '3', '42', 'Work', 'work', '1', 'Title', NULL, NULL, '2014-04-29 22:32:18', '2014-05-10 15:09:38', '3967fb38-e416-40ae-9538-18e61399c931');
INSERT INTO `craft_entrytypes` (`id`, `sectionId`, `fieldLayoutId`, `name`, `handle`, `hasTitleField`, `titleLabel`, `titleFormat`, `sortOrder`, `dateCreated`, `dateUpdated`, `uid`) VALUES ('4', '4', '21', 'Clients', 'clients', '1', 'Title', NULL, NULL, '2014-05-04 15:38:42', '2014-05-04 15:47:06', '60db33b0-de7b-411b-bdd2-9adf53fc061d');
INSERT INTO `craft_entrytypes` (`id`, `sectionId`, `fieldLayoutId`, `name`, `handle`, `hasTitleField`, `titleLabel`, `titleFormat`, `sortOrder`, `dateCreated`, `dateUpdated`, `uid`) VALUES ('5', '5', '23', 'Denizens', 'denizens', '1', 'Name', NULL, NULL, '2014-05-04 15:50:18', '2014-05-04 15:50:45', '2e1ebb6e-c961-47d7-89d0-13b9ba87e04e');



DROP TABLE IF EXISTS `craft_entryversions`;


--
-- Schema for table `craft_entryversions`
--
CREATE TABLE `craft_entryversions` (
  `id` int(11) NOT NULL AUTO_INCREMENT,
  `entryId` int(11) NOT NULL,
  `sectionId` int(11) NOT NULL,
  `creatorId` int(11) DEFAULT NULL,
  `locale` char(12) COLLATE utf8_unicode_ci NOT NULL,
  `num` smallint(6) unsigned NOT NULL,
  `notes` tinytext COLLATE utf8_unicode_ci,
  `data` mediumtext COLLATE utf8_unicode_ci NOT NULL,
  `dateCreated` datetime NOT NULL,
  `dateUpdated` datetime NOT NULL,
  `uid` char(36) COLLATE utf8_unicode_ci NOT NULL DEFAULT '0',
  PRIMARY KEY (`id`),
  KEY `craft_entryversions_entryId_locale_idx` (`entryId`,`locale`),
  KEY `craft_entryversions_sectionId_fk` (`sectionId`),
  KEY `craft_entryversions_creatorId_fk` (`creatorId`),
  KEY `craft_entryversions_locale_fk` (`locale`)
) ENGINE=InnoDB AUTO_INCREMENT=18 DEFAULT CHARSET=utf8 COLLATE=utf8_unicode_ci;

--
-- Data for table `craft_entryversions`
--

INSERT INTO `craft_entryversions` (`id`, `entryId`, `sectionId`, `creatorId`, `locale`, `num`, `notes`, `data`, `dateCreated`, `dateUpdated`, `uid`) VALUES ('1', '37', '4', '1', 'en_us', '1', NULL, '{\"authorId\":\"1\",\"title\":\"Discovery\",\"slug\":\"discovery\",\"postDate\":1400333201,\"expiryDate\":null,\"enabled\":1,\"fields\":{\"12\":\"\"}}', '2014-05-17 13:26:42', '2014-06-03 23:32:05', 'cc615560-ef71-44c6-bb04-e111e264fff9');
INSERT INTO `craft_entryversions` (`id`, `entryId`, `sectionId`, `creatorId`, `locale`, `num`, `notes`, `data`, `dateCreated`, `dateUpdated`, `uid`) VALUES ('2', '38', '4', '1', 'en_us', '1', NULL, '{\"authorId\":\"1\",\"title\":\"TBS\",\"slug\":\"tbs\",\"postDate\":1400333214,\"expiryDate\":null,\"enabled\":1,\"fields\":{\"12\":\"\"}}', '2014-05-17 13:26:54', '2014-06-03 23:32:05', '06d451a5-349d-4261-85ce-6e3048c7f9b7');
INSERT INTO `craft_entryversions` (`id`, `entryId`, `sectionId`, `creatorId`, `locale`, `num`, `notes`, `data`, `dateCreated`, `dateUpdated`, `uid`) VALUES ('3', '39', '4', '1', 'en_us', '1', NULL, '{\"authorId\":\"1\",\"title\":\"TLC\",\"slug\":\"tlc\",\"postDate\":1400333222,\"expiryDate\":null,\"enabled\":1,\"fields\":{\"12\":\"\"}}', '2014-05-17 13:27:02', '2014-06-03 23:32:05', '625ee2d8-ab92-4c17-9cea-2b700aaa3f34');
INSERT INTO `craft_entryversions` (`id`, `entryId`, `sectionId`, `creatorId`, `locale`, `num`, `notes`, `data`, `dateCreated`, `dateUpdated`, `uid`) VALUES ('4', '40', '3', '1', 'en_us', '1', NULL, '{\"authorId\":\"1\",\"title\":\"3 Days to Kill\",\"slug\":\"3-days-to-kill\",\"postDate\":1400333291,\"expiryDate\":null,\"enabled\":1,\"fields\":{\"2\":\"\",\"5\":\"\",\"13\":\"\",\"4\":\"\",\"26\":\"\",\"10\":[\"7\"],\"15\":\"Launch\",\"25\":\"\"}}', '2014-05-17 13:28:11', '2014-06-03 23:32:05', '29d6c3b3-8fe2-4219-a463-aaee38d89897');
INSERT INTO `craft_entryversions` (`id`, `entryId`, `sectionId`, `creatorId`, `locale`, `num`, `notes`, `data`, `dateCreated`, `dateUpdated`, `uid`) VALUES ('5', '40', '3', '1', 'en_us', '2', NULL, '{\"authorId\":\"1\",\"title\":\"3 Days to Kill\",\"slug\":\"3-days-to-kill\",\"postDate\":1400333280,\"expiryDate\":null,\"enabled\":1,\"fields\":{\"2\":\"\",\"5\":\"\",\"13\":\"\",\"4\":[\"41\"],\"26\":\"\",\"10\":[\"7\"],\"15\":\"Launch\",\"25\":\"\"}}', '2014-05-17 13:35:54', '2014-06-03 23:32:05', '8f26b742-29bc-40bc-8827-885625b43d90');
INSERT INTO `craft_entryversions` (`id`, `entryId`, `sectionId`, `creatorId`, `locale`, `num`, `notes`, `data`, `dateCreated`, `dateUpdated`, `uid`) VALUES ('6', '43', '3', '1', 'en_us', '1', NULL, '{\"authorId\":\"1\",\"title\":\"Playstation\",\"slug\":\"playstation\",\"postDate\":1400333989,\"expiryDate\":null,\"enabled\":1,\"fields\":{\"2\":\"\",\"5\":\"\",\"13\":[\"26\"],\"4\":[\"42\"],\"26\":\"\",\"10\":[\"9\"],\"15\":\"Graphics and FX\",\"25\":\"\"}}', '2014-05-17 13:39:49', '2014-06-03 23:32:05', '5c093cfb-fd08-4ed6-b95d-450572d897e6');
INSERT INTO `craft_entryversions` (`id`, `entryId`, `sectionId`, `creatorId`, `locale`, `num`, `notes`, `data`, `dateCreated`, `dateUpdated`, `uid`) VALUES ('7', '45', '3', '1', 'en_us', '1', NULL, '{\"authorId\":\"1\",\"title\":\"Law and Order: Single \",\"slug\":\"law-and-order-single\",\"postDate\":1400334428,\"expiryDate\":null,\"enabled\":1,\"fields\":{\"2\":\"\",\"5\":[\"25\"],\"13\":[\"29\",\"28\"],\"4\":[\"44\"],\"26\":\"\",\"10\":[\"12\"],\"15\":\"Behind the Scenes\",\"25\":\"\"}}', '2014-05-17 13:47:08', '2014-06-03 23:32:05', '9e2b8d97-e946-40d6-932d-a14bde3b13a9');
INSERT INTO `craft_entryversions` (`id`, `entryId`, `sectionId`, `creatorId`, `locale`, `num`, `notes`, `data`, `dateCreated`, `dateUpdated`, `uid`) VALUES ('8', '45', '3', '1', 'en_us', '2', NULL, '{\"authorId\":\"1\",\"title\":\"Law and Order: Single Victims Unit\",\"slug\":\"law-and-order-single\",\"postDate\":1400334420,\"expiryDate\":null,\"enabled\":1,\"fields\":{\"2\":\"\",\"5\":[\"25\"],\"13\":[\"29\",\"28\"],\"4\":[\"44\"],\"26\":\"\",\"10\":[\"12\"],\"15\":\"Launch\",\"25\":\"\"}}', '2014-05-17 13:48:08', '2014-06-03 23:32:05', 'b24d2117-436b-49d7-8f6d-f19be8de672c');
INSERT INTO `craft_entryversions` (`id`, `entryId`, `sectionId`, `creatorId`, `locale`, `num`, `notes`, `data`, `dateCreated`, `dateUpdated`, `uid`) VALUES ('9', '45', '3', '1', 'en_us', '3', NULL, '{\"authorId\":\"1\",\"title\":\"Law and Order: Single Victims Unit\",\"slug\":\"law-and-order-svu\",\"postDate\":1400334420,\"expiryDate\":null,\"enabled\":1,\"fields\":{\"2\":\"\",\"5\":[\"25\"],\"13\":[\"29\",\"28\"],\"4\":[\"44\"],\"26\":\"\",\"10\":[\"12\"],\"15\":\"Launch\",\"25\":\"\"}}', '2014-05-17 14:13:40', '2014-06-03 23:32:05', '452158c4-e6ad-4b0c-9698-3f2c559694f9');
INSERT INTO `craft_entryversions` (`id`, `entryId`, `sectionId`, `creatorId`, `locale`, `num`, `notes`, `data`, `dateCreated`, `dateUpdated`, `uid`) VALUES ('10', '47', '3', '1', 'en_us', '1', NULL, '{\"authorId\":\"1\",\"title\":\"Uproar Auditions\",\"slug\":\"uproar-auditions\",\"postDate\":1400336127,\"expiryDate\":null,\"enabled\":1,\"fields\":{\"2\":\"\",\"5\":\"\",\"13\":[\"28\",\"27\"],\"4\":[\"46\"],\"26\":\"\",\"10\":[\"21\"],\"15\":\"Comedy\",\"25\":\"\"}}', '2014-05-17 14:15:27', '2014-06-03 23:32:05', '0884dc8b-e204-459e-8777-2ad655b4b3b5');
INSERT INTO `craft_entryversions` (`id`, `entryId`, `sectionId`, `creatorId`, `locale`, `num`, `notes`, `data`, `dateCreated`, `dateUpdated`, `uid`) VALUES ('11', '53', '4', '1', 'en_us', '1', NULL, '{\"authorId\":\"1\",\"title\":\"Discovery\",\"slug\":\"discovery-1\",\"postDate\":1400809526,\"expiryDate\":null,\"enabled\":1,\"fields\":{\"12\":\"\"}}', '2014-05-23 01:45:26', '2014-06-03 23:32:05', 'cf265dd1-e681-45b3-8022-d9dfe2889ca3');
INSERT INTO `craft_entryversions` (`id`, `entryId`, `sectionId`, `creatorId`, `locale`, `num`, `notes`, `data`, `dateCreated`, `dateUpdated`, `uid`) VALUES ('12', '54', '4', '1', 'en_us', '1', NULL, '{\"authorId\":\"1\",\"title\":\"The Weather Channel\",\"slug\":\"the-weather-channel\",\"postDate\":1400809572,\"expiryDate\":null,\"enabled\":1,\"fields\":{\"12\":[\"51\"]}}', '2014-05-23 01:46:12', '2014-06-03 23:32:05', '05cc079e-dea3-4f50-a59c-8f136e52c014');
INSERT INTO `craft_entryversions` (`id`, `entryId`, `sectionId`, `creatorId`, `locale`, `num`, `notes`, `data`, `dateCreated`, `dateUpdated`, `uid`) VALUES ('13', '55', '4', '1', 'en_us', '1', NULL, '{\"authorId\":\"1\",\"title\":\"Nat Geo WILD\",\"slug\":\"nat-geo-wild\",\"postDate\":1400809598,\"expiryDate\":null,\"enabled\":1,\"fields\":{\"12\":[\"50\"]}}', '2014-05-23 01:46:38', '2014-06-03 23:32:05', '45f120bd-abd4-441c-97eb-eda1f2984edf');
INSERT INTO `craft_entryversions` (`id`, `entryId`, `sectionId`, `creatorId`, `locale`, `num`, `notes`, `data`, `dateCreated`, `dateUpdated`, `uid`) VALUES ('14', '56', '4', '1', 'en_us', '1', NULL, '{\"authorId\":\"1\",\"title\":\"Velocity\",\"slug\":\"velocity\",\"postDate\":1400809628,\"expiryDate\":null,\"enabled\":1,\"fields\":{\"12\":[\"52\"]}}', '2014-05-23 01:47:08', '2014-06-03 23:32:05', '028bd7f2-3820-4fcb-b0ef-5b02247db355');
INSERT INTO `craft_entryversions` (`id`, `entryId`, `sectionId`, `creatorId`, `locale`, `num`, `notes`, `data`, `dateCreated`, `dateUpdated`, `uid`) VALUES ('15', '57', '4', '1', 'en_us', '1', NULL, '{\"authorId\":\"1\",\"title\":\"20th Television\",\"slug\":\"20th-television\",\"postDate\":1400809644,\"expiryDate\":null,\"enabled\":1,\"fields\":{\"12\":\"\"}}', '2014-05-23 01:47:24', '2014-06-03 23:32:05', 'b7c10528-d13c-4868-b76d-1f259fbb3203');
INSERT INTO `craft_entryversions` (`id`, `entryId`, `sectionId`, `creatorId`, `locale`, `num`, `notes`, `data`, `dateCreated`, `dateUpdated`, `uid`) VALUES ('16', '57', '4', '1', 'en_us', '2', NULL, '{\"authorId\":\"1\",\"title\":\"20th Television\",\"slug\":\"20th-television\",\"postDate\":1400809620,\"expiryDate\":null,\"enabled\":1,\"fields\":{\"12\":[\"48\"]}}', '2014-05-23 01:47:38', '2014-06-03 23:32:05', '8d80bb47-1dd5-4765-ab93-839454c55469');
INSERT INTO `craft_entryversions` (`id`, `entryId`, `sectionId`, `creatorId`, `locale`, `num`, `notes`, `data`, `dateCreated`, `dateUpdated`, `uid`) VALUES ('17', '58', '4', '1', 'en_us', '1', NULL, '{\"authorId\":\"1\",\"title\":\"NBCUniversal Television Distribution\",\"slug\":\"nbcuniversal-television-distribution\",\"postDate\":1400809677,\"expiryDate\":null,\"enabled\":1,\"fields\":{\"12\":[\"49\"]}}', '2014-05-23 01:47:57', '2014-06-03 23:32:05', 'a82a1a0e-605d-4e25-bfaf-1c8238167722');



DROP TABLE IF EXISTS `craft_fieldgroups`;


--
-- Schema for table `craft_fieldgroups`
--
CREATE TABLE `craft_fieldgroups` (
  `id` int(11) NOT NULL AUTO_INCREMENT,
  `name` varchar(255) COLLATE utf8_unicode_ci NOT NULL,
  `dateCreated` datetime NOT NULL,
  `dateUpdated` datetime NOT NULL,
  `uid` char(36) COLLATE utf8_unicode_ci NOT NULL DEFAULT '0',
  PRIMARY KEY (`id`),
  UNIQUE KEY `craft_fieldgroups_name_unq_idx` (`name`)
) ENGINE=InnoDB AUTO_INCREMENT=7 DEFAULT CHARSET=utf8 COLLATE=utf8_unicode_ci;

--
-- Data for table `craft_fieldgroups`
--

INSERT INTO `craft_fieldgroups` (`id`, `name`, `dateCreated`, `dateUpdated`, `uid`) VALUES ('1', 'Default', '2014-04-29 18:07:08', '2014-04-29 18:07:08', '116ef1cf-2db4-4198-befd-3326ccf94b1c');
INSERT INTO `craft_fieldgroups` (`id`, `name`, `dateCreated`, `dateUpdated`, `uid`) VALUES ('2', 'Work', '2014-04-29 22:32:44', '2014-04-29 22:32:44', 'b9001e6c-69a1-497f-a0c3-8a16a7ab4bf7');
INSERT INTO `craft_fieldgroups` (`id`, `name`, `dateCreated`, `dateUpdated`, `uid`) VALUES ('3', 'Globals', '2014-04-29 22:41:16', '2014-04-29 22:41:16', 'c81534fe-891e-4da1-b98c-dc103d41b82c');
INSERT INTO `craft_fieldgroups` (`id`, `name`, `dateCreated`, `dateUpdated`, `uid`) VALUES ('4', 'About', '2014-04-30 01:20:23', '2014-04-30 01:20:23', 'feb6ce3b-8b5a-4bcc-ab33-ebf56a819a93');
INSERT INTO `craft_fieldgroups` (`id`, `name`, `dateCreated`, `dateUpdated`, `uid`) VALUES ('5', 'Clients', '2014-05-04 15:38:54', '2014-05-04 15:38:54', '52cf2d91-6382-4726-bded-a6abf7d698cd');
INSERT INTO `craft_fieldgroups` (`id`, `name`, `dateCreated`, `dateUpdated`, `uid`) VALUES ('6', 'News', '2014-05-09 12:57:18', '2014-05-09 12:57:18', 'e65af921-9644-44cb-af29-cd94a886a307');



DROP TABLE IF EXISTS `craft_fieldlayoutfields`;


--
-- Schema for table `craft_fieldlayoutfields`
--
CREATE TABLE `craft_fieldlayoutfields` (
  `id` int(11) NOT NULL AUTO_INCREMENT,
  `layoutId` int(11) NOT NULL,
  `tabId` int(11) DEFAULT NULL,
  `fieldId` int(11) NOT NULL,
  `required` tinyint(1) unsigned NOT NULL DEFAULT '0',
  `sortOrder` tinyint(4) DEFAULT NULL,
  `dateCreated` datetime NOT NULL,
  `dateUpdated` datetime NOT NULL,
  `uid` char(36) COLLATE utf8_unicode_ci NOT NULL DEFAULT '0',
  PRIMARY KEY (`id`),
  UNIQUE KEY `craft_fieldlayoutfields_layoutId_fieldId_unq_idx` (`layoutId`,`fieldId`),
  KEY `craft_fieldlayoutfields_sortOrder_idx` (`sortOrder`),
  KEY `craft_fieldlayoutfields_tabId_fk` (`tabId`),
  KEY `craft_fieldlayoutfields_fieldId_fk` (`fieldId`)
) ENGINE=InnoDB AUTO_INCREMENT=93 DEFAULT CHARSET=utf8 COLLATE=utf8_unicode_ci;

--
-- Data for table `craft_fieldlayoutfields`
--

INSERT INTO `craft_fieldlayoutfields` (`id`, `layoutId`, `tabId`, `fieldId`, `required`, `sortOrder`, `dateCreated`, `dateUpdated`, `uid`) VALUES ('1', '3', '1', '1', '1', '1', '2014-04-29 18:07:09', '2014-04-29 18:07:09', '1dc8a8d1-8114-40f0-90f1-19c56b33dd24');
INSERT INTO `craft_fieldlayoutfields` (`id`, `layoutId`, `tabId`, `fieldId`, `required`, `sortOrder`, `dateCreated`, `dateUpdated`, `uid`) VALUES ('2', '3', '1', '2', '1', '2', '2014-04-29 18:07:09', '2014-04-29 18:07:09', '0c3fc84b-f3b2-46f8-aacc-e28e9c0da117');
INSERT INTO `craft_fieldlayoutfields` (`id`, `layoutId`, `tabId`, `fieldId`, `required`, `sortOrder`, `dateCreated`, `dateUpdated`, `uid`) VALUES ('9', '11', NULL, '6', '0', '1', '2014-04-29 22:49:09', '2014-04-29 22:49:09', '84846955-25fc-4b67-900f-2ac92ac618f3');
INSERT INTO `craft_fieldlayoutfields` (`id`, `layoutId`, `tabId`, `fieldId`, `required`, `sortOrder`, `dateCreated`, `dateUpdated`, `uid`) VALUES ('10', '11', NULL, '7', '0', '2', '2014-04-29 22:49:09', '2014-04-29 22:49:09', 'e2fbbaee-fda0-47b9-bcc8-d52fbb5dd888');
INSERT INTO `craft_fieldlayoutfields` (`id`, `layoutId`, `tabId`, `fieldId`, `required`, `sortOrder`, `dateCreated`, `dateUpdated`, `uid`) VALUES ('11', '11', NULL, '8', '0', '3', '2014-04-29 22:49:09', '2014-04-29 22:49:09', 'd8b02b65-e6b6-4bfc-8b1c-70974f0193df');
INSERT INTO `craft_fieldlayoutfields` (`id`, `layoutId`, `tabId`, `fieldId`, `required`, `sortOrder`, `dateCreated`, `dateUpdated`, `uid`) VALUES ('12', '11', NULL, '9', '0', '4', '2014-04-29 22:49:09', '2014-04-29 22:49:09', 'aa8106a3-86aa-4102-95ae-5e2a490299aa');
INSERT INTO `craft_fieldlayoutfields` (`id`, `layoutId`, `tabId`, `fieldId`, `required`, `sortOrder`, `dateCreated`, `dateUpdated`, `uid`) VALUES ('16', '15', NULL, '11', '0', '1', '2014-04-30 01:21:31', '2014-04-30 01:21:31', '3bbd8e8f-9859-42ee-9ca7-a995921f988d');
INSERT INTO `craft_fieldlayoutfields` (`id`, `layoutId`, `tabId`, `fieldId`, `required`, `sortOrder`, `dateCreated`, `dateUpdated`, `uid`) VALUES ('21', '21', '6', '12', '0', '1', '2014-05-04 15:47:06', '2014-05-04 15:47:06', 'e09d1c5a-539b-4e6f-b20d-89e83f3ee06b');
INSERT INTO `craft_fieldlayoutfields` (`id`, `layoutId`, `tabId`, `fieldId`, `required`, `sortOrder`, `dateCreated`, `dateUpdated`, `uid`) VALUES ('48', '32', '11', '2', '1', '1', '2014-05-09 12:59:03', '2014-05-09 12:59:03', 'ac2dfff5-63d3-465a-930e-045b268d53ae');
INSERT INTO `craft_fieldlayoutfields` (`id`, `layoutId`, `tabId`, `fieldId`, `required`, `sortOrder`, `dateCreated`, `dateUpdated`, `uid`) VALUES ('49', '32', '11', '19', '0', '2', '2014-05-09 12:59:03', '2014-05-09 12:59:03', 'a113a08b-1de3-4d69-acc8-1c8040f24c4a');
INSERT INTO `craft_fieldlayoutfields` (`id`, `layoutId`, `tabId`, `fieldId`, `required`, `sortOrder`, `dateCreated`, `dateUpdated`, `uid`) VALUES ('74', '42', '13', '4', '0', '1', '2014-05-10 15:09:38', '2014-05-10 15:09:38', '6043570f-b9ad-4f4e-9dad-11cbd4886984');
INSERT INTO `craft_fieldlayoutfields` (`id`, `layoutId`, `tabId`, `fieldId`, `required`, `sortOrder`, `dateCreated`, `dateUpdated`, `uid`) VALUES ('75', '42', '13', '25', '0', '2', '2014-05-10 15:09:38', '2014-05-10 15:09:38', '9b688c7d-6aa2-401e-a1a5-9909a9feede4');
INSERT INTO `craft_fieldlayoutfields` (`id`, `layoutId`, `tabId`, `fieldId`, `required`, `sortOrder`, `dateCreated`, `dateUpdated`, `uid`) VALUES ('76', '42', '13', '26', '0', '3', '2014-05-10 15:09:38', '2014-05-10 15:09:38', '21f45978-ce33-4d85-adae-09f48847be0e');
INSERT INTO `craft_fieldlayoutfields` (`id`, `layoutId`, `tabId`, `fieldId`, `required`, `sortOrder`, `dateCreated`, `dateUpdated`, `uid`) VALUES ('77', '42', '13', '10', '0', '4', '2014-05-10 15:09:38', '2014-05-10 15:09:38', '34858014-db7e-4b32-a54c-41a09e822e54');
INSERT INTO `craft_fieldlayoutfields` (`id`, `layoutId`, `tabId`, `fieldId`, `required`, `sortOrder`, `dateCreated`, `dateUpdated`, `uid`) VALUES ('78', '42', '13', '5', '0', '5', '2014-05-10 15:09:38', '2014-05-10 15:09:38', '1decbf18-9565-4c93-ba99-f4e299715568');
INSERT INTO `craft_fieldlayoutfields` (`id`, `layoutId`, `tabId`, `fieldId`, `required`, `sortOrder`, `dateCreated`, `dateUpdated`, `uid`) VALUES ('79', '42', '13', '13', '0', '6', '2014-05-10 15:09:38', '2014-05-10 15:09:38', 'd3481995-fa23-46a4-9995-66317849fa60');
INSERT INTO `craft_fieldlayoutfields` (`id`, `layoutId`, `tabId`, `fieldId`, `required`, `sortOrder`, `dateCreated`, `dateUpdated`, `uid`) VALUES ('80', '42', '13', '15', '0', '7', '2014-05-10 15:09:38', '2014-05-10 15:09:38', 'dd0f3af0-1c56-4d29-af39-9f73d1820343');
INSERT INTO `craft_fieldlayoutfields` (`id`, `layoutId`, `tabId`, `fieldId`, `required`, `sortOrder`, `dateCreated`, `dateUpdated`, `uid`) VALUES ('81', '42', '13', '2', '0', '8', '2014-05-10 15:09:38', '2014-05-10 15:09:38', 'e89c616b-92e6-40f4-89e5-66d7a966bf81');
INSERT INTO `craft_fieldlayoutfields` (`id`, `layoutId`, `tabId`, `fieldId`, `required`, `sortOrder`, `dateCreated`, `dateUpdated`, `uid`) VALUES ('84', '44', NULL, '29', '0', '1', '2014-05-27 12:56:51', '2014-05-27 12:56:51', '4679e3a2-a477-4a1e-8fd9-a147cbd07d6d');
INSERT INTO `craft_fieldlayoutfields` (`id`, `layoutId`, `tabId`, `fieldId`, `required`, `sortOrder`, `dateCreated`, `dateUpdated`, `uid`) VALUES ('85', '44', NULL, '30', '0', '2', '2014-05-27 12:56:51', '2014-05-27 12:56:51', '68ebc864-a877-4ed8-88b2-add92258d2fe');
INSERT INTO `craft_fieldlayoutfields` (`id`, `layoutId`, `tabId`, `fieldId`, `required`, `sortOrder`, `dateCreated`, `dateUpdated`, `uid`) VALUES ('86', '45', NULL, '16', '0', '1', '2014-05-27 12:57:49', '2014-05-27 12:57:49', '7f90bf1c-66ca-46a4-b67b-ab8b09f6e488');
INSERT INTO `craft_fieldlayoutfields` (`id`, `layoutId`, `tabId`, `fieldId`, `required`, `sortOrder`, `dateCreated`, `dateUpdated`, `uid`) VALUES ('87', '45', NULL, '27', '0', '2', '2014-05-27 12:57:49', '2014-05-27 12:57:49', 'b8a89e8a-dd00-4812-951f-42980cc58e9b');
INSERT INTO `craft_fieldlayoutfields` (`id`, `layoutId`, `tabId`, `fieldId`, `required`, `sortOrder`, `dateCreated`, `dateUpdated`, `uid`) VALUES ('88', '45', NULL, '28', '0', '3', '2014-05-27 12:57:49', '2014-05-27 12:57:49', 'c6587d84-3a5d-47ac-984f-0c9ab179b037');
INSERT INTO `craft_fieldlayoutfields` (`id`, `layoutId`, `tabId`, `fieldId`, `required`, `sortOrder`, `dateCreated`, `dateUpdated`, `uid`) VALUES ('89', '46', NULL, '17', '1', '1', '2014-05-29 13:45:20', '2014-05-29 13:45:20', 'c04a3774-86c2-4a3b-88b7-03a9be878d29');
INSERT INTO `craft_fieldlayoutfields` (`id`, `layoutId`, `tabId`, `fieldId`, `required`, `sortOrder`, `dateCreated`, `dateUpdated`, `uid`) VALUES ('90', '46', NULL, '18', '0', '2', '2014-05-29 13:45:20', '2014-05-29 13:45:20', 'e9ab4cd1-6f92-4d33-a254-11ab0807f5e4');
INSERT INTO `craft_fieldlayoutfields` (`id`, `layoutId`, `tabId`, `fieldId`, `required`, `sortOrder`, `dateCreated`, `dateUpdated`, `uid`) VALUES ('91', '46', NULL, '20', '0', '3', '2014-05-29 13:45:20', '2014-05-29 13:45:20', '92893a63-295c-40a0-b6ae-91077e9da8c0');
INSERT INTO `craft_fieldlayoutfields` (`id`, `layoutId`, `tabId`, `fieldId`, `required`, `sortOrder`, `dateCreated`, `dateUpdated`, `uid`) VALUES ('92', '46', NULL, '31', '0', '4', '2014-05-29 13:45:20', '2014-05-29 13:45:20', '8e215646-85d8-4011-9469-6653bb9918ca');



DROP TABLE IF EXISTS `craft_fieldlayouts`;


--
-- Schema for table `craft_fieldlayouts`
--
CREATE TABLE `craft_fieldlayouts` (
  `id` int(11) NOT NULL AUTO_INCREMENT,
  `type` varchar(150) COLLATE utf8_unicode_ci NOT NULL,
  `dateCreated` datetime NOT NULL,
  `dateUpdated` datetime NOT NULL,
  `uid` char(36) COLLATE utf8_unicode_ci NOT NULL DEFAULT '0',
  PRIMARY KEY (`id`),
  KEY `craft_fieldlayouts_type_idx` (`type`)
) ENGINE=InnoDB AUTO_INCREMENT=47 DEFAULT CHARSET=utf8 COLLATE=utf8_unicode_ci;

--
-- Data for table `craft_fieldlayouts`
--

INSERT INTO `craft_fieldlayouts` (`id`, `type`, `dateCreated`, `dateUpdated`, `uid`) VALUES ('1', 'Tag', '2014-04-29 18:07:08', '2014-04-29 18:07:08', '70e6ce3b-3e4d-4ca0-b735-2775b74c2e19');
INSERT INTO `craft_fieldlayouts` (`id`, `type`, `dateCreated`, `dateUpdated`, `uid`) VALUES ('3', 'Entry', '2014-04-29 18:07:09', '2014-04-29 18:07:09', 'c582ce02-ea83-4334-bb50-e63adff60cba');
INSERT INTO `craft_fieldlayouts` (`id`, `type`, `dateCreated`, `dateUpdated`, `uid`) VALUES ('11', 'GlobalSet', '2014-04-29 22:49:09', '2014-04-29 22:49:09', '05e43d5d-f015-4a39-bbee-af96da252a6f');
INSERT INTO `craft_fieldlayouts` (`id`, `type`, `dateCreated`, `dateUpdated`, `uid`) VALUES ('13', 'Asset', '2014-04-29 23:13:58', '2014-04-29 23:13:58', 'e80452e9-934d-499a-9b86-bd69aff7252c');
INSERT INTO `craft_fieldlayouts` (`id`, `type`, `dateCreated`, `dateUpdated`, `uid`) VALUES ('15', 'GlobalSet', '2014-04-30 01:21:31', '2014-04-30 01:21:31', '21734a13-cba4-44e4-98ca-024fc171bec1');
INSERT INTO `craft_fieldlayouts` (`id`, `type`, `dateCreated`, `dateUpdated`, `uid`) VALUES ('19', 'Asset', '2014-05-04 15:41:18', '2014-05-04 15:41:18', 'a6bfa099-1cde-42eb-acfd-3005ee294208');
INSERT INTO `craft_fieldlayouts` (`id`, `type`, `dateCreated`, `dateUpdated`, `uid`) VALUES ('20', 'Asset', '2014-05-04 15:43:07', '2014-05-04 15:43:07', '927f9a4a-b0f5-4e9a-bb63-24148bd577da');
INSERT INTO `craft_fieldlayouts` (`id`, `type`, `dateCreated`, `dateUpdated`, `uid`) VALUES ('21', 'Entry', '2014-05-04 15:47:06', '2014-05-04 15:47:06', '9ad58998-e4a3-4c68-a2db-0637e425f205');
INSERT INTO `craft_fieldlayouts` (`id`, `type`, `dateCreated`, `dateUpdated`, `uid`) VALUES ('23', 'Entry', '2014-05-04 15:50:45', '2014-05-04 15:50:45', '39ed704e-10d3-4938-aeed-2c6a2492e649');
INSERT INTO `craft_fieldlayouts` (`id`, `type`, `dateCreated`, `dateUpdated`, `uid`) VALUES ('32', 'Entry', '2014-05-09 12:59:03', '2014-05-09 12:59:03', 'f8d23de3-943e-408f-b706-21b55e1267d1');
INSERT INTO `craft_fieldlayouts` (`id`, `type`, `dateCreated`, `dateUpdated`, `uid`) VALUES ('34', 'Asset', '2014-05-10 14:15:25', '2014-05-10 14:15:25', 'fe5ef52f-189d-4db2-96eb-3d140ae4a78a');
INSERT INTO `craft_fieldlayouts` (`id`, `type`, `dateCreated`, `dateUpdated`, `uid`) VALUES ('35', 'Asset', '2014-05-10 14:15:44', '2014-05-10 14:15:44', 'ddef690b-92de-48cc-9c5d-9b7ef195d754');
INSERT INTO `craft_fieldlayouts` (`id`, `type`, `dateCreated`, `dateUpdated`, `uid`) VALUES ('42', 'Entry', '2014-05-10 15:09:38', '2014-05-10 15:09:38', '4d63cb3a-8721-4aee-aeeb-dd4f7d8e8f5b');
INSERT INTO `craft_fieldlayouts` (`id`, `type`, `dateCreated`, `dateUpdated`, `uid`) VALUES ('44', 'MatrixBlock', '2014-05-27 12:56:51', '2014-05-27 12:56:51', '7acba347-92fa-4ba3-bb5c-ee1de3ee5a3f');
INSERT INTO `craft_fieldlayouts` (`id`, `type`, `dateCreated`, `dateUpdated`, `uid`) VALUES ('45', 'GlobalSet', '2014-05-27 12:57:49', '2014-05-27 12:57:49', '65c32b9b-17c2-4290-8c8c-6b0c7442d452');
INSERT INTO `craft_fieldlayouts` (`id`, `type`, `dateCreated`, `dateUpdated`, `uid`) VALUES ('46', 'MatrixBlock', '2014-05-29 13:45:20', '2014-05-29 13:45:20', '74ce0b9a-0fa4-4f3b-9ab1-f82542f5491a');



DROP TABLE IF EXISTS `craft_fieldlayouttabs`;


--
-- Schema for table `craft_fieldlayouttabs`
--
CREATE TABLE `craft_fieldlayouttabs` (
  `id` int(11) NOT NULL AUTO_INCREMENT,
  `layoutId` int(11) NOT NULL,
  `name` varchar(255) COLLATE utf8_unicode_ci NOT NULL,
  `sortOrder` tinyint(4) DEFAULT NULL,
  `dateCreated` datetime NOT NULL,
  `dateUpdated` datetime NOT NULL,
  `uid` char(36) COLLATE utf8_unicode_ci NOT NULL DEFAULT '0',
  PRIMARY KEY (`id`),
  KEY `craft_fieldlayouttabs_sortOrder_idx` (`sortOrder`),
  KEY `craft_fieldlayouttabs_layoutId_fk` (`layoutId`)
) ENGINE=InnoDB AUTO_INCREMENT=14 DEFAULT CHARSET=utf8 COLLATE=utf8_unicode_ci;

--
-- Data for table `craft_fieldlayouttabs`
--

INSERT INTO `craft_fieldlayouttabs` (`id`, `layoutId`, `name`, `sortOrder`, `dateCreated`, `dateUpdated`, `uid`) VALUES ('1', '3', 'Content', '1', '2014-04-29 18:07:09', '2014-04-29 18:07:09', 'c64f8034-70da-474a-a99a-2f3852dd8f25');
INSERT INTO `craft_fieldlayouttabs` (`id`, `layoutId`, `name`, `sortOrder`, `dateCreated`, `dateUpdated`, `uid`) VALUES ('6', '21', 'Tab 1', '1', '2014-05-04 15:47:06', '2014-05-04 15:47:06', '432c94e5-81cc-48e5-9950-275975763c3d');
INSERT INTO `craft_fieldlayouttabs` (`id`, `layoutId`, `name`, `sortOrder`, `dateCreated`, `dateUpdated`, `uid`) VALUES ('11', '32', 'Content', '1', '2014-05-09 12:59:03', '2014-05-09 12:59:03', '58244c45-163b-48c3-b8d2-b9a018a92ad5');
INSERT INTO `craft_fieldlayouttabs` (`id`, `layoutId`, `name`, `sortOrder`, `dateCreated`, `dateUpdated`, `uid`) VALUES ('13', '42', 'Tab 1', '1', '2014-05-10 15:09:38', '2014-05-10 15:09:38', 'a60d9605-8405-4ee5-9deb-b751912b22ec');



DROP TABLE IF EXISTS `craft_fields`;


--
-- Schema for table `craft_fields`
--
CREATE TABLE `craft_fields` (
  `id` int(11) NOT NULL AUTO_INCREMENT,
  `groupId` int(11) DEFAULT NULL,
  `name` varchar(255) COLLATE utf8_unicode_ci NOT NULL,
  `handle` varchar(58) COLLATE utf8_unicode_ci NOT NULL,
  `context` varchar(255) COLLATE utf8_unicode_ci NOT NULL DEFAULT 'global',
  `instructions` text COLLATE utf8_unicode_ci,
  `translatable` tinyint(1) unsigned NOT NULL DEFAULT '0',
  `type` varchar(150) COLLATE utf8_unicode_ci NOT NULL,
  `settings` text COLLATE utf8_unicode_ci,
  `dateCreated` datetime NOT NULL,
  `dateUpdated` datetime NOT NULL,
  `uid` char(36) COLLATE utf8_unicode_ci NOT NULL DEFAULT '0',
  PRIMARY KEY (`id`),
  UNIQUE KEY `craft_fields_handle_context_unq_idx` (`handle`,`context`),
  KEY `craft_fields_context_idx` (`context`),
  KEY `craft_fields_groupId_fk` (`groupId`)
) ENGINE=InnoDB AUTO_INCREMENT=32 DEFAULT CHARSET=utf8 COLLATE=utf8_unicode_ci;

--
-- Data for table `craft_fields`
--

INSERT INTO `craft_fields` (`id`, `groupId`, `name`, `handle`, `context`, `instructions`, `translatable`, `type`, `settings`, `dateCreated`, `dateUpdated`, `uid`) VALUES ('1', '1', 'Heading', 'heading', 'global', NULL, '1', 'PlainText', NULL, '2014-04-29 18:07:08', '2014-04-29 18:07:08', '719d35cb-d26d-4733-b5fb-7fe2b007fd7e');
INSERT INTO `craft_fields` (`id`, `groupId`, `name`, `handle`, `context`, `instructions`, `translatable`, `type`, `settings`, `dateCreated`, `dateUpdated`, `uid`) VALUES ('2', '1', 'Body', 'body', 'global', NULL, '1', 'RichText', '{\"configFile\":\"Standard.json\"}', '2014-04-29 18:07:09', '2014-04-29 18:07:09', '9c0b6b94-2076-4515-89cc-15ef4177131a');
INSERT INTO `craft_fields` (`id`, `groupId`, `name`, `handle`, `context`, `instructions`, `translatable`, `type`, `settings`, `dateCreated`, `dateUpdated`, `uid`) VALUES ('3', '1', 'Tags', 'tags', 'global', NULL, '0', 'Tags', '{\"source\":\"taggroup:1\"}', '2014-04-29 18:07:09', '2014-04-29 18:07:09', 'c30311e1-69f9-45b6-9537-02f75e676875');
INSERT INTO `craft_fields` (`id`, `groupId`, `name`, `handle`, `context`, `instructions`, `translatable`, `type`, `settings`, `dateCreated`, `dateUpdated`, `uid`) VALUES ('4', '2', 'MP4 Video', 'videomp4', 'global', '', '0', 'Assets', '{\"useSingleFolder\":\"\",\"sources\":[\"folder:1\"],\"defaultUploadLocationSource\":\"1\",\"defaultUploadLocationSubpath\":\"\",\"singleUploadLocationSource\":\"1\",\"singleUploadLocationSubpath\":\"\",\"restrictFiles\":\"\",\"limit\":\"1\"}', '2014-04-29 22:33:49', '2014-06-03 23:32:06', '9f8247d3-b356-4b1e-b497-d515f67fe4f5');
INSERT INTO `craft_fields` (`id`, `groupId`, `name`, `handle`, `context`, `instructions`, `translatable`, `type`, `settings`, `dateCreated`, `dateUpdated`, `uid`) VALUES ('5', '2', 'Client', 'client', 'global', 'Name of Client', '0', 'Entries', '{\"sources\":[\"section:4\"],\"limit\":\"1\"}', '2014-04-29 22:37:24', '2014-05-04 15:55:13', '653ecba3-8eb2-46c0-bc9e-a00c72c050a6');
INSERT INTO `craft_fields` (`id`, `groupId`, `name`, `handle`, `context`, `instructions`, `translatable`, `type`, `settings`, `dateCreated`, `dateUpdated`, `uid`) VALUES ('6', '3', 'Address', 'address', 'global', '', '0', 'PlainText', '{\"placeholder\":\"\",\"maxLength\":\"\",\"multiline\":\"\",\"initialRows\":\"4\"}', '2014-04-29 22:41:32', '2014-04-29 22:41:32', 'dbb6a3a7-a7b2-41ed-b5dd-b1a5cf4410c5');
INSERT INTO `craft_fields` (`id`, `groupId`, `name`, `handle`, `context`, `instructions`, `translatable`, `type`, `settings`, `dateCreated`, `dateUpdated`, `uid`) VALUES ('7', '3', 'Phone', 'phone', 'global', '', '0', 'PlainText', '{\"placeholder\":\"\",\"maxLength\":\"\",\"multiline\":\"\",\"initialRows\":\"4\"}', '2014-04-29 22:41:40', '2014-04-29 22:41:40', '2222c20a-a46c-46c6-a115-cea535770ad7');
INSERT INTO `craft_fields` (`id`, `groupId`, `name`, `handle`, `context`, `instructions`, `translatable`, `type`, `settings`, `dateCreated`, `dateUpdated`, `uid`) VALUES ('8', '3', 'Facebook', 'facebook', 'global', '', '0', 'PlainText', '{\"placeholder\":\"\",\"maxLength\":\"\",\"multiline\":\"\",\"initialRows\":\"4\"}', '2014-04-29 22:48:31', '2014-04-29 22:48:31', 'd11ffda8-7add-46cd-8507-b51d609637b6');
INSERT INTO `craft_fields` (`id`, `groupId`, `name`, `handle`, `context`, `instructions`, `translatable`, `type`, `settings`, `dateCreated`, `dateUpdated`, `uid`) VALUES ('9', '3', 'Twitter', 'twitter', 'global', '', '0', 'PlainText', '{\"placeholder\":\"\",\"maxLength\":\"\",\"multiline\":\"\",\"initialRows\":\"4\"}', '2014-04-29 22:48:39', '2014-04-29 22:48:39', '0f827db7-cf05-4fe3-b8d6-049702e13ee4');
INSERT INTO `craft_fields` (`id`, `groupId`, `name`, `handle`, `context`, `instructions`, `translatable`, `type`, `settings`, `dateCreated`, `dateUpdated`, `uid`) VALUES ('10', '2', 'Thumbnail', 'videoThumbnail', 'global', '', '0', 'Assets', '{\"useSingleFolder\":\"\",\"sources\":[\"folder:2\"],\"defaultUploadLocationSource\":\"2\",\"defaultUploadLocationSubpath\":\"\",\"singleUploadLocationSource\":\"1\",\"singleUploadLocationSubpath\":\"\",\"restrictFiles\":\"\",\"limit\":\"1\"}', '2014-04-29 23:17:03', '2014-06-03 23:32:06', '317635e1-be0e-48ac-aff6-0dc97f9b25b7');
INSERT INTO `craft_fields` (`id`, `groupId`, `name`, `handle`, `context`, `instructions`, `translatable`, `type`, `settings`, `dateCreated`, `dateUpdated`, `uid`) VALUES ('11', '4', 'About Text', 'aboutText', 'global', '', '0', 'RichText', '{\"configFile\":\"Standard.json\",\"cleanupHtml\":\"1\"}', '2014-04-30 01:21:05', '2014-04-30 01:21:05', '65c31c8c-dcee-4b2a-a1e2-724c1619d174');
INSERT INTO `craft_fields` (`id`, `groupId`, `name`, `handle`, `context`, `instructions`, `translatable`, `type`, `settings`, `dateCreated`, `dateUpdated`, `uid`) VALUES ('12', '5', 'Logo', 'logo', 'global', 'All white, if possible. Best if at least 400px wide.', '0', 'Assets', '{\"useSingleFolder\":\"\",\"sources\":[\"folder:3\"],\"defaultUploadLocationSource\":\"1\",\"defaultUploadLocationSubpath\":\"\",\"singleUploadLocationSource\":\"1\",\"singleUploadLocationSubpath\":\"\",\"restrictFiles\":\"\",\"limit\":\"\"}', '2014-05-04 15:40:37', '2014-06-03 23:32:06', '5c126c02-de47-484d-bf9b-2f22289be70a');
INSERT INTO `craft_fields` (`id`, `groupId`, `name`, `handle`, `context`, `instructions`, `translatable`, `type`, `settings`, `dateCreated`, `dateUpdated`, `uid`) VALUES ('13', '2', 'Creatives', 'creatives', 'global', '', '0', 'Entries', '{\"sources\":[\"section:5\"],\"limit\":\"\"}', '2014-05-04 15:54:01', '2014-05-04 15:54:01', '850d4afe-5749-456f-abb8-88a6ca76a51a');
INSERT INTO `craft_fields` (`id`, `groupId`, `name`, `handle`, `context`, `instructions`, `translatable`, `type`, `settings`, `dateCreated`, `dateUpdated`, `uid`) VALUES ('15', '2', 'Type', 'workType', 'global', '', '0', 'Dropdown', '{\"options\":[{\"label\":\"Behind the Scenes\",\"value\":\"Behind the Scenes\",\"default\":\"\"},{\"label\":\"Co-branded\",\"value\":\"Co-branded\",\"default\":\"\"},{\"label\":\"Comedy\",\"value\":\"Comedy\",\"default\":\"\"},{\"label\":\"Food\",\"value\":\"Food\",\"default\":\"\"},{\"label\":\"Graphics and FX\",\"value\":\"Graphics and FX\",\"default\":\"\"},{\"label\":\"Kids\",\"value\":\"Kids\",\"default\":\"\"},{\"label\":\"Launch\",\"value\":\"Launch\",\"default\":\"\"},{\"label\":\"Talent\",\"value\":\"Talent\",\"default\":\"\"}]}', '2014-05-05 13:10:17', '2014-05-05 13:10:17', 'a5aba19a-d3ef-4f26-97a5-0a6613cea843');
INSERT INTO `craft_fields` (`id`, `groupId`, `name`, `handle`, `context`, `instructions`, `translatable`, `type`, `settings`, `dateCreated`, `dateUpdated`, `uid`) VALUES ('16', '3', 'Main Background Video', 'mainBackgroundVideo', 'global', '', '0', 'Matrix', '{\"maxBlocks\":\"1\"}', '2014-05-06 23:48:48', '2014-05-29 13:45:20', 'ad9e404c-d568-4fa2-a5f0-6e25d5cb0557');
INSERT INTO `craft_fields` (`id`, `groupId`, `name`, `handle`, `context`, `instructions`, `translatable`, `type`, `settings`, `dateCreated`, `dateUpdated`, `uid`) VALUES ('17', NULL, 'Background mp4', 'backgroundMp4', 'matrixBlockType:1', NULL, '0', 'Assets', '{\"useSingleFolder\":\"\",\"sources\":[\"folder:1\"],\"defaultUploadLocationSource\":\"1\",\"defaultUploadLocationSubpath\":\"\",\"singleUploadLocationSource\":\"1\",\"singleUploadLocationSubpath\":\"\",\"restrictFiles\":\"\",\"limit\":\"1\"}', '2014-05-06 23:48:49', '2014-06-03 23:32:06', 'cb848f4a-6a53-4968-b7ea-f53ded61a29e');
INSERT INTO `craft_fields` (`id`, `groupId`, `name`, `handle`, `context`, `instructions`, `translatable`, `type`, `settings`, `dateCreated`, `dateUpdated`, `uid`) VALUES ('18', NULL, 'Background Webm', 'backgroundWebm', 'matrixBlockType:1', NULL, '0', 'Assets', '{\"useSingleFolder\":\"\",\"sources\":[\"folder:4\"],\"defaultUploadLocationSource\":\"1\",\"defaultUploadLocationSubpath\":\"\",\"singleUploadLocationSource\":\"1\",\"singleUploadLocationSubpath\":\"\",\"restrictFiles\":\"\",\"limit\":\"1\"}', '2014-05-06 23:48:49', '2014-06-03 23:32:06', '68029f99-0073-40e5-a7e4-6151702443fd');
INSERT INTO `craft_fields` (`id`, `groupId`, `name`, `handle`, `context`, `instructions`, `translatable`, `type`, `settings`, `dateCreated`, `dateUpdated`, `uid`) VALUES ('19', '6', 'Related Video', 'relatedVideo', 'global', '', '0', 'Entries', '{\"sources\":[\"section:3\"],\"limit\":\"\"}', '2014-05-09 12:57:41', '2014-05-09 12:57:41', 'a9e10a33-829d-4dbd-9449-468642ccb25f');
INSERT INTO `craft_fields` (`id`, `groupId`, `name`, `handle`, `context`, `instructions`, `translatable`, `type`, `settings`, `dateCreated`, `dateUpdated`, `uid`) VALUES ('20', NULL, 'Background ogg', 'backgroundOgg', 'matrixBlockType:1', NULL, '0', 'Assets', '{\"useSingleFolder\":\"\",\"sources\":[\"folder:5\"],\"defaultUploadLocationSource\":\"5\",\"defaultUploadLocationSubpath\":\"\",\"singleUploadLocationSource\":\"1\",\"singleUploadLocationSubpath\":\"\",\"restrictFiles\":\"\",\"limit\":\"1\"}', '2014-05-10 14:12:47', '2014-06-03 23:32:06', '11c47415-3844-4317-bd80-99628d97df00');
INSERT INTO `craft_fields` (`id`, `groupId`, `name`, `handle`, `context`, `instructions`, `translatable`, `type`, `settings`, `dateCreated`, `dateUpdated`, `uid`) VALUES ('25', '2', 'Webm Video', 'videowebm', 'global', '', '0', 'Assets', '{\"useSingleFolder\":\"\",\"sources\":[\"folder:4\"],\"defaultUploadLocationSource\":\"4\",\"defaultUploadLocationSubpath\":\"\",\"singleUploadLocationSource\":\"1\",\"singleUploadLocationSubpath\":\"\",\"restrictFiles\":\"\",\"limit\":\"1\"}', '2014-05-10 15:08:36', '2014-06-03 23:32:06', 'fbe1e034-95f9-4308-a5e2-692989649f27');
INSERT INTO `craft_fields` (`id`, `groupId`, `name`, `handle`, `context`, `instructions`, `translatable`, `type`, `settings`, `dateCreated`, `dateUpdated`, `uid`) VALUES ('26', '2', 'Ogg Video', 'videoogg', 'global', '', '0', 'Assets', '{\"useSingleFolder\":\"\",\"sources\":[\"folder:5\"],\"defaultUploadLocationSource\":\"5\",\"defaultUploadLocationSubpath\":\"\",\"singleUploadLocationSource\":\"1\",\"singleUploadLocationSubpath\":\"\",\"restrictFiles\":\"\",\"limit\":\"1\"}', '2014-05-10 15:09:06', '2014-06-03 23:32:06', '0ebbcb1c-ffdc-4db0-9280-d40bbf977c55');
INSERT INTO `craft_fields` (`id`, `groupId`, `name`, `handle`, `context`, `instructions`, `translatable`, `type`, `settings`, `dateCreated`, `dateUpdated`, `uid`) VALUES ('27', '3', 'Video Grid', 'videoGrid', 'global', '', '0', 'Entries', '{\"sources\":[\"section:3\"],\"limit\":\"\"}', '2014-05-23 18:30:13', '2014-05-23 18:30:13', 'd9c1c29e-1d73-4bff-a602-db5251f525d2');
INSERT INTO `craft_fields` (`id`, `groupId`, `name`, `handle`, `context`, `instructions`, `translatable`, `type`, `settings`, `dateCreated`, `dateUpdated`, `uid`) VALUES ('28', '3', 'Video Grid +', 'videoGridPlus', 'global', '', '0', 'Matrix', '{\"maxBlocks\":null}', '2014-05-27 12:56:50', '2014-05-27 12:56:50', '5f1d0e62-9b13-44d4-b400-0a805d98575c');
INSERT INTO `craft_fields` (`id`, `groupId`, `name`, `handle`, `context`, `instructions`, `translatable`, `type`, `settings`, `dateCreated`, `dateUpdated`, `uid`) VALUES ('29', NULL, 'Video', 'videoPlus', 'matrixBlockType:2', NULL, '0', 'Entries', '{\"sources\":[\"section:3\"],\"limit\":\"1\"}', '2014-05-27 12:56:51', '2014-05-27 12:56:51', '02f4f6b0-0f21-4ba4-ac2b-2e39cbd85e62');
INSERT INTO `craft_fields` (`id`, `groupId`, `name`, `handle`, `context`, `instructions`, `translatable`, `type`, `settings`, `dateCreated`, `dateUpdated`, `uid`) VALUES ('30', NULL, 'Video Size', 'videoSizePlus', 'matrixBlockType:2', NULL, '0', 'Dropdown', '{\"options\":[{\"label\":\"Normal\",\"value\":\"col-sm-4\",\"default\":\"1\"},{\"label\":\"Large\",\"value\":\"col-sm-8\",\"default\":\"\"}]}', '2014-05-27 12:56:51', '2014-05-27 12:56:51', 'd269a5c8-7d2b-4597-888e-9c8390272339');
INSERT INTO `craft_fields` (`id`, `groupId`, `name`, `handle`, `context`, `instructions`, `translatable`, `type`, `settings`, `dateCreated`, `dateUpdated`, `uid`) VALUES ('31', NULL, 'Background Image', 'backgroundImage', 'matrixBlockType:1', NULL, '0', 'Assets', '{\"useSingleFolder\":\"\",\"sources\":[\"folder:2\"],\"defaultUploadLocationSource\":\"2\",\"defaultUploadLocationSubpath\":\"\",\"singleUploadLocationSource\":\"1\",\"singleUploadLocationSubpath\":\"\",\"restrictFiles\":\"\",\"limit\":\"1\"}', '2014-05-29 13:45:20', '2014-06-03 23:32:06', '4ddddf6c-26e0-443d-af14-aa77b88ccb40');



DROP TABLE IF EXISTS `craft_globalsets`;


--
-- Schema for table `craft_globalsets`
--
CREATE TABLE `craft_globalsets` (
  `id` int(11) NOT NULL,
  `name` varchar(255) COLLATE utf8_unicode_ci NOT NULL,
  `handle` varchar(255) COLLATE utf8_unicode_ci NOT NULL,
  `fieldLayoutId` int(10) DEFAULT NULL,
  `dateCreated` datetime NOT NULL,
  `dateUpdated` datetime NOT NULL,
  `uid` char(36) COLLATE utf8_unicode_ci NOT NULL DEFAULT '0',
  PRIMARY KEY (`id`),
  UNIQUE KEY `craft_globalsets_name_unq_idx` (`name`),
  UNIQUE KEY `craft_globalsets_handle_unq_idx` (`handle`),
  KEY `craft_globalsets_fieldLayoutId_fk` (`fieldLayoutId`)
) ENGINE=InnoDB DEFAULT CHARSET=utf8 COLLATE=utf8_unicode_ci;

--
-- Data for table `craft_globalsets`
--

INSERT INTO `craft_globalsets` (`id`, `name`, `handle`, `fieldLayoutId`, `dateCreated`, `dateUpdated`, `uid`) VALUES ('6', 'Contact Info', 'contactInfo', '11', '2014-04-29 22:41:01', '2014-04-29 22:49:09', '8e03da91-31ec-46ec-a2fb-812403b74aea');
INSERT INTO `craft_globalsets` (`id`, `name`, `handle`, `fieldLayoutId`, `dateCreated`, `dateUpdated`, `uid`) VALUES ('23', 'About', 'about', '15', '2014-04-30 01:21:31', '2014-04-30 01:21:31', '9050f1c8-e219-4a7a-a67b-d469ab707d9c');
INSERT INTO `craft_globalsets` (`id`, `name`, `handle`, `fieldLayoutId`, `dateCreated`, `dateUpdated`, `uid`) VALUES ('30', 'Home', 'home', '45', '2014-05-06 23:49:24', '2014-05-27 12:57:49', '41058015-5105-4a21-99ac-47a89a7c2691');



DROP TABLE IF EXISTS `craft_info`;


--
-- Schema for table `craft_info`
--
CREATE TABLE `craft_info` (
  `id` int(11) NOT NULL AUTO_INCREMENT,
  `version` varchar(15) COLLATE utf8_unicode_ci NOT NULL,
  `build` int(11) unsigned NOT NULL,
  `schemaVersion` varchar(15) COLLATE utf8_unicode_ci NOT NULL,
  `releaseDate` datetime NOT NULL,
  `edition` tinyint(1) unsigned NOT NULL DEFAULT '0',
  `siteName` varchar(100) COLLATE utf8_unicode_ci NOT NULL,
  `siteUrl` varchar(255) COLLATE utf8_unicode_ci NOT NULL,
  `timezone` varchar(30) COLLATE utf8_unicode_ci DEFAULT NULL,
  `on` tinyint(1) unsigned NOT NULL DEFAULT '0',
  `maintenance` tinyint(1) unsigned NOT NULL DEFAULT '0',
  `track` varchar(40) COLLATE utf8_unicode_ci NOT NULL,
  `dateCreated` datetime NOT NULL,
  `dateUpdated` datetime NOT NULL,
  `uid` char(36) COLLATE utf8_unicode_ci NOT NULL DEFAULT '0',
  PRIMARY KEY (`id`)
) ENGINE=InnoDB AUTO_INCREMENT=2 DEFAULT CHARSET=utf8 COLLATE=utf8_unicode_ci;

--
-- Data for table `craft_info`
--

INSERT INTO `craft_info` (`id`, `version`, `build`, `schemaVersion`, `releaseDate`, `edition`, `siteName`, `siteUrl`, `timezone`, `on`, `maintenance`, `track`, `dateCreated`, `dateUpdated`, `uid`) VALUES ('1', '2.1', '2570', '2.1.2', '2014-08-26 18:23:24', '1', 'Denizen', 'http://denizen.dev', 'UTC', '1', '1', 'stable', '2014-04-29 18:07:01', '2015-03-12 12:52:12', '2a2c3d3c-0334-4cdf-b255-0278e7081dc4');



DROP TABLE IF EXISTS `craft_locales`;


--
-- Schema for table `craft_locales`
--
CREATE TABLE `craft_locales` (
  `locale` char(12) COLLATE utf8_unicode_ci NOT NULL,
  `sortOrder` tinyint(4) DEFAULT NULL,
  `dateCreated` datetime NOT NULL,
  `dateUpdated` datetime NOT NULL,
  `uid` char(36) COLLATE utf8_unicode_ci NOT NULL DEFAULT '0',
  PRIMARY KEY (`locale`),
  KEY `craft_locales_sortOrder_idx` (`sortOrder`)
) ENGINE=InnoDB DEFAULT CHARSET=utf8 COLLATE=utf8_unicode_ci;

--
-- Data for table `craft_locales`
--

INSERT INTO `craft_locales` (`locale`, `sortOrder`, `dateCreated`, `dateUpdated`, `uid`) VALUES ('en_us', '1', '2014-04-29 18:07:02', '2014-04-29 18:07:02', '502fa25c-4511-41aa-897b-8771cfbfe15b');



DROP TABLE IF EXISTS `craft_matrixblocks`;


--
-- Schema for table `craft_matrixblocks`
--
CREATE TABLE `craft_matrixblocks` (
  `id` int(11) NOT NULL,
  `ownerId` int(11) NOT NULL,
  `fieldId` int(11) NOT NULL,
  `typeId` int(11) DEFAULT NULL,
  `ownerLocale` char(12) COLLATE utf8_unicode_ci DEFAULT NULL,
  `sortOrder` tinyint(4) DEFAULT NULL,
  `dateCreated` datetime NOT NULL,
  `dateUpdated` datetime NOT NULL,
  `uid` char(36) COLLATE utf8_unicode_ci NOT NULL DEFAULT '0',
  PRIMARY KEY (`id`),
  KEY `craft_matrixblocks_ownerId_idx` (`ownerId`),
  KEY `craft_matrixblocks_fieldId_idx` (`fieldId`),
  KEY `craft_matrixblocks_typeId_idx` (`typeId`),
  KEY `craft_matrixblocks_sortOrder_idx` (`sortOrder`),
  KEY `craft_matrixblocks_ownerLocale_fk` (`ownerLocale`)
) ENGINE=InnoDB DEFAULT CHARSET=utf8 COLLATE=utf8_unicode_ci;

--
-- Data for table `craft_matrixblocks`
--

INSERT INTO `craft_matrixblocks` (`id`, `ownerId`, `fieldId`, `typeId`, `ownerLocale`, `sortOrder`, `dateCreated`, `dateUpdated`, `uid`) VALUES ('31', '30', '16', '1', NULL, '1', '2014-05-06 23:50:15', '2014-05-29 13:46:30', '35c58447-4be2-4353-869b-869c4ba56b22');



DROP TABLE IF EXISTS `craft_matrixblocktypes`;


--
-- Schema for table `craft_matrixblocktypes`
--
CREATE TABLE `craft_matrixblocktypes` (
  `id` int(11) NOT NULL AUTO_INCREMENT,
  `fieldId` int(11) NOT NULL,
  `fieldLayoutId` int(11) DEFAULT NULL,
  `name` varchar(255) COLLATE utf8_unicode_ci NOT NULL,
  `handle` varchar(255) COLLATE utf8_unicode_ci NOT NULL,
  `sortOrder` tinyint(4) DEFAULT NULL,
  `dateCreated` datetime NOT NULL,
  `dateUpdated` datetime NOT NULL,
  `uid` char(36) COLLATE utf8_unicode_ci NOT NULL DEFAULT '0',
  PRIMARY KEY (`id`),
  UNIQUE KEY `craft_matrixblocktypes_name_fieldId_unq_idx` (`name`,`fieldId`),
  UNIQUE KEY `craft_matrixblocktypes_handle_fieldId_unq_idx` (`handle`,`fieldId`),
  KEY `craft_matrixblocktypes_fieldId_fk` (`fieldId`),
  KEY `craft_matrixblocktypes_fieldLayoutId_fk` (`fieldLayoutId`)
) ENGINE=InnoDB AUTO_INCREMENT=3 DEFAULT CHARSET=utf8 COLLATE=utf8_unicode_ci;

--
-- Data for table `craft_matrixblocktypes`
--

INSERT INTO `craft_matrixblocktypes` (`id`, `fieldId`, `fieldLayoutId`, `name`, `handle`, `sortOrder`, `dateCreated`, `dateUpdated`, `uid`) VALUES ('1', '16', '46', 'Background Video', 'backgroundvideo', '1', '2014-05-06 23:48:49', '2014-05-29 13:45:20', 'b6ccd209-f926-47f3-ad2e-09302de8d16f');
INSERT INTO `craft_matrixblocktypes` (`id`, `fieldId`, `fieldLayoutId`, `name`, `handle`, `sortOrder`, `dateCreated`, `dateUpdated`, `uid`) VALUES ('2', '28', '44', 'Videos', 'videosPlus', '1', '2014-05-27 12:56:51', '2014-05-27 12:56:51', '924bdb8f-a025-4369-a883-fc044b386d93');



DROP TABLE IF EXISTS `craft_matrixcontent_mainbackgroundvideo`;


--
-- Schema for table `craft_matrixcontent_mainbackgroundvideo`
--
CREATE TABLE `craft_matrixcontent_mainbackgroundvideo` (
  `id` int(11) NOT NULL AUTO_INCREMENT,
  `elementId` int(11) NOT NULL,
  `locale` char(12) COLLATE utf8_unicode_ci NOT NULL,
  `dateCreated` datetime NOT NULL,
  `dateUpdated` datetime NOT NULL,
  `uid` char(36) COLLATE utf8_unicode_ci NOT NULL DEFAULT '0',
  PRIMARY KEY (`id`),
  UNIQUE KEY `craft_matrixcontent_mainbackgroundvideo_elementId_locale_unq_idx` (`elementId`,`locale`),
  KEY `craft_matrixcontent_mainbackgroundvideo_locale_fk` (`locale`)
) ENGINE=InnoDB AUTO_INCREMENT=2 DEFAULT CHARSET=utf8 COLLATE=utf8_unicode_ci;

--
-- Data for table `craft_matrixcontent_mainbackgroundvideo`
--

INSERT INTO `craft_matrixcontent_mainbackgroundvideo` (`id`, `elementId`, `locale`, `dateCreated`, `dateUpdated`, `uid`) VALUES ('1', '31', 'en_us', '2014-05-06 23:50:15', '2014-05-29 13:46:30', 'bcb3eb62-b5f7-4e9e-a0b4-a9acc1b933de');



DROP TABLE IF EXISTS `craft_matrixcontent_videogridplus`;


--
-- Schema for table `craft_matrixcontent_videogridplus`
--
CREATE TABLE `craft_matrixcontent_videogridplus` (
  `id` int(11) NOT NULL AUTO_INCREMENT,
  `elementId` int(11) NOT NULL,
  `locale` char(12) COLLATE utf8_unicode_ci NOT NULL,
  `field_videosPlus_videoSizePlus` varchar(255) COLLATE utf8_unicode_ci DEFAULT NULL,
  `dateCreated` datetime NOT NULL,
  `dateUpdated` datetime NOT NULL,
  `uid` char(36) COLLATE utf8_unicode_ci NOT NULL DEFAULT '0',
  PRIMARY KEY (`id`),
  UNIQUE KEY `craft_matrixcontent_videogridplus_elementId_locale_unq_idx` (`elementId`,`locale`),
  KEY `craft_matrixcontent_videogridplus_locale_fk` (`locale`)
) ENGINE=InnoDB DEFAULT CHARSET=utf8 COLLATE=utf8_unicode_ci;

DROP TABLE IF EXISTS `craft_migrations`;


--
-- Schema for table `craft_migrations`
--
CREATE TABLE `craft_migrations` (
  `id` int(11) NOT NULL AUTO_INCREMENT,
  `pluginId` int(11) DEFAULT NULL,
  `version` varchar(255) COLLATE utf8_unicode_ci NOT NULL,
  `applyTime` datetime NOT NULL,
  `dateCreated` datetime NOT NULL,
  `dateUpdated` datetime NOT NULL,
  `uid` char(36) COLLATE utf8_unicode_ci NOT NULL DEFAULT '0',
  PRIMARY KEY (`id`),
  UNIQUE KEY `craft_migrations_version_unq_idx` (`version`),
  KEY `craft_migrations_pluginId_fk` (`pluginId`)
) ENGINE=InnoDB AUTO_INCREMENT=46 DEFAULT CHARSET=utf8 COLLATE=utf8_unicode_ci;

--
-- Data for table `craft_migrations`
--

INSERT INTO `craft_migrations` (`id`, `pluginId`, `version`, `applyTime`, `dateCreated`, `dateUpdated`, `uid`) VALUES ('1', NULL, 'm000000_000000_base', '2014-04-29 18:07:02', '2014-04-29 18:07:02', '2014-04-29 18:07:02', '018f84f0-5aa8-4186-a073-ff9464cb522a');
INSERT INTO `craft_migrations` (`id`, `pluginId`, `version`, `applyTime`, `dateCreated`, `dateUpdated`, `uid`) VALUES ('2', NULL, 'm131203_000000_allow_orphan_assets', '2014-04-29 18:07:02', '2014-04-29 18:07:02', '2014-04-29 18:07:02', 'd9b0b47c-1ed0-4e62-a536-f69da4cfe498');
INSERT INTO `craft_migrations` (`id`, `pluginId`, `version`, `applyTime`, `dateCreated`, `dateUpdated`, `uid`) VALUES ('3', NULL, 'm131212_000001_add_missing_fk_to_emailmessages', '2014-04-29 18:07:02', '2014-04-29 18:07:02', '2014-04-29 18:07:02', '4eef7203-2c1a-439d-8779-76026ace3fa8');
INSERT INTO `craft_migrations` (`id`, `pluginId`, `version`, `applyTime`, `dateCreated`, `dateUpdated`, `uid`) VALUES ('4', NULL, 'm140123_000000_update_widget_sort_orders', '2014-04-29 18:07:02', '2014-04-29 18:07:02', '2014-04-29 18:07:02', 'a7dbb7be-4636-4e63-bc34-79387a2cce52');
INSERT INTO `craft_migrations` (`id`, `pluginId`, `version`, `applyTime`, `dateCreated`, `dateUpdated`, `uid`) VALUES ('5', NULL, 'm140212_000000_clean_up_structures', '2014-04-29 18:07:02', '2014-04-29 18:07:02', '2014-04-29 18:07:02', 'd9ee74da-c8f7-44b4-888b-dc7dacf92893');
INSERT INTO `craft_migrations` (`id`, `pluginId`, `version`, `applyTime`, `dateCreated`, `dateUpdated`, `uid`) VALUES ('6', NULL, 'm140217_000000_add_missing_indexes', '2014-04-29 18:07:02', '2014-04-29 18:07:02', '2014-04-29 18:07:02', 'e4522aa6-b900-4ab9-a2fb-0de3f32306dc');
INSERT INTO `craft_migrations` (`id`, `pluginId`, `version`, `applyTime`, `dateCreated`, `dateUpdated`, `uid`) VALUES ('7', NULL, 'm140223_000000_add_missing_element_rows', '2014-04-29 18:07:02', '2014-04-29 18:07:02', '2014-04-29 18:07:02', 'da891a4f-9ae7-4393-95d0-90023b5a31b5');
INSERT INTO `craft_migrations` (`id`, `pluginId`, `version`, `applyTime`, `dateCreated`, `dateUpdated`, `uid`) VALUES ('8', NULL, 'm140325_000000_fix_matrix_settings', '2014-04-29 18:07:02', '2014-04-29 18:07:02', '2014-04-29 18:07:02', '6884de76-5cdd-4ba0-b3de-e313a68fe329');
INSERT INTO `craft_migrations` (`id`, `pluginId`, `version`, `applyTime`, `dateCreated`, `dateUpdated`, `uid`) VALUES ('9', NULL, 'm140401_000000_assignUserPermissions_permission', '2014-04-29 18:07:02', '2014-04-29 18:07:02', '2014-04-29 18:07:02', '4973f65a-4dfe-4d46-b206-6ae694a218b6');
INSERT INTO `craft_migrations` (`id`, `pluginId`, `version`, `applyTime`, `dateCreated`, `dateUpdated`, `uid`) VALUES ('10', NULL, 'm140401_000000_delete_the_deleted_files', '2014-04-29 18:07:02', '2014-04-29 18:07:02', '2014-04-29 18:07:02', 'ea3524f4-7c51-4b7c-95c0-27c7c857cc45');
INSERT INTO `craft_migrations` (`id`, `pluginId`, `version`, `applyTime`, `dateCreated`, `dateUpdated`, `uid`) VALUES ('11', NULL, 'm140401_000001_structures', '2014-04-29 18:07:02', '2014-04-29 18:07:02', '2014-04-29 18:07:02', 'a6b8900a-5308-4aea-aca3-3d8c83c1d414');
INSERT INTO `craft_migrations` (`id`, `pluginId`, `version`, `applyTime`, `dateCreated`, `dateUpdated`, `uid`) VALUES ('12', NULL, 'm140401_000002_elements_i18n_tweaks', '2014-04-29 18:07:02', '2014-04-29 18:07:02', '2014-04-29 18:07:02', '2541b3e6-f3d0-46b7-afaf-c755db5637c1');
INSERT INTO `craft_migrations` (`id`, `pluginId`, `version`, `applyTime`, `dateCreated`, `dateUpdated`, `uid`) VALUES ('13', NULL, 'm140401_000003_tag_groups', '2014-04-29 18:07:02', '2014-04-29 18:07:02', '2014-04-29 18:07:02', 'e290984d-6f6f-4c25-8548-51a50bdc38e3');
INSERT INTO `craft_migrations` (`id`, `pluginId`, `version`, `applyTime`, `dateCreated`, `dateUpdated`, `uid`) VALUES ('14', NULL, 'm140401_000004_add_unverifiedemail_column_to_users', '2014-04-29 18:07:02', '2014-04-29 18:07:02', '2014-04-29 18:07:02', 'a865cbb1-d6b7-4e16-b740-29871d93ee7a');
INSERT INTO `craft_migrations` (`id`, `pluginId`, `version`, `applyTime`, `dateCreated`, `dateUpdated`, `uid`) VALUES ('15', NULL, 'm140401_000005_translatable_matrix_fields', '2014-04-29 18:07:02', '2014-04-29 18:07:02', '2014-04-29 18:07:02', '9f29a38c-03a1-43fe-b18b-8b163045ec5b');
INSERT INTO `craft_migrations` (`id`, `pluginId`, `version`, `applyTime`, `dateCreated`, `dateUpdated`, `uid`) VALUES ('16', NULL, 'm140401_000006_translatable_relation_fields', '2014-04-29 18:07:02', '2014-04-29 18:07:02', '2014-04-29 18:07:02', 'c92d9fbd-1b7d-48bd-8911-5a961f3c4ede');
INSERT INTO `craft_migrations` (`id`, `pluginId`, `version`, `applyTime`, `dateCreated`, `dateUpdated`, `uid`) VALUES ('17', NULL, 'm140401_000007_add_enabledbydefault_column_to_sections_i18n', '2014-04-29 18:07:02', '2014-04-29 18:07:02', '2014-04-29 18:07:02', 'aad6005f-09d6-4180-ada2-a518941ab204');
INSERT INTO `craft_migrations` (`id`, `pluginId`, `version`, `applyTime`, `dateCreated`, `dateUpdated`, `uid`) VALUES ('18', NULL, 'm140401_000008_fullpath_to_path', '2014-04-29 18:07:02', '2014-04-29 18:07:02', '2014-04-29 18:07:02', '83b862d8-1134-4783-9c04-98d452f11250');
INSERT INTO `craft_migrations` (`id`, `pluginId`, `version`, `applyTime`, `dateCreated`, `dateUpdated`, `uid`) VALUES ('19', NULL, 'm140401_000009_asset_field_layouts', '2014-04-29 18:07:02', '2014-04-29 18:07:02', '2014-04-29 18:07:02', '9985ded8-f869-4b30-89e2-61d47bd217b6');
INSERT INTO `craft_migrations` (`id`, `pluginId`, `version`, `applyTime`, `dateCreated`, `dateUpdated`, `uid`) VALUES ('20', NULL, 'm140401_000010_no_section_default_author', '2014-04-29 18:07:02', '2014-04-29 18:07:02', '2014-04-29 18:07:02', '5755786a-54a7-4747-9736-9e166bd21158');
INSERT INTO `craft_migrations` (`id`, `pluginId`, `version`, `applyTime`, `dateCreated`, `dateUpdated`, `uid`) VALUES ('21', NULL, 'm140401_000011_categories', '2014-04-29 18:07:02', '2014-04-29 18:07:02', '2014-04-29 18:07:02', '4ba1dafc-a7d0-4356-bea0-3164d3aa34f9');
INSERT INTO `craft_migrations` (`id`, `pluginId`, `version`, `applyTime`, `dateCreated`, `dateUpdated`, `uid`) VALUES ('22', NULL, 'm140401_000012_templatecaches', '2014-04-29 18:07:02', '2014-04-29 18:07:02', '2014-04-29 18:07:02', 'b4e13624-3da9-4ac7-b2a7-c0c4d48b7baf');
INSERT INTO `craft_migrations` (`id`, `pluginId`, `version`, `applyTime`, `dateCreated`, `dateUpdated`, `uid`) VALUES ('23', NULL, 'm140401_000013_allow_temp_source_transforms', '2014-04-29 18:07:02', '2014-04-29 18:07:02', '2014-04-29 18:07:02', 'f5bb6d30-55a9-4533-a735-87d532b0ee11');
INSERT INTO `craft_migrations` (`id`, `pluginId`, `version`, `applyTime`, `dateCreated`, `dateUpdated`, `uid`) VALUES ('24', NULL, 'm140401_000014_entry_title_formats', '2014-04-29 18:07:02', '2014-04-29 18:07:02', '2014-04-29 18:07:02', '3fe30572-ef3d-48d5-bb24-5c2daf37a42b');
INSERT INTO `craft_migrations` (`id`, `pluginId`, `version`, `applyTime`, `dateCreated`, `dateUpdated`, `uid`) VALUES ('25', NULL, 'm140401_000015_tasks', '2014-04-29 18:07:02', '2014-04-29 18:07:02', '2014-04-29 18:07:02', 'c324eb01-333d-4696-b8ae-f3c7a16e27a9');
INSERT INTO `craft_migrations` (`id`, `pluginId`, `version`, `applyTime`, `dateCreated`, `dateUpdated`, `uid`) VALUES ('26', NULL, 'm140401_000016_varchar_classes', '2014-04-29 18:07:02', '2014-04-29 18:07:02', '2014-04-29 18:07:02', '5fb4eb8d-ef6e-4cfd-a056-55362b34ed18');
INSERT INTO `craft_migrations` (`id`, `pluginId`, `version`, `applyTime`, `dateCreated`, `dateUpdated`, `uid`) VALUES ('27', NULL, 'm140401_000017_add_transform_quality', '2014-04-29 18:07:02', '2014-04-29 18:07:02', '2014-04-29 18:07:02', '63e8db1d-b560-4f18-a967-6f20b76cf226');
INSERT INTO `craft_migrations` (`id`, `pluginId`, `version`, `applyTime`, `dateCreated`, `dateUpdated`, `uid`) VALUES ('28', NULL, 'm140401_000018_locale_routes', '2014-04-29 18:07:02', '2014-04-29 18:07:02', '2014-04-29 18:07:02', '68279864-62da-42b8-9f43-e1c730d2a0f4');
INSERT INTO `craft_migrations` (`id`, `pluginId`, `version`, `applyTime`, `dateCreated`, `dateUpdated`, `uid`) VALUES ('29', NULL, 'm140401_000019_editions', '2014-04-29 18:07:02', '2014-04-29 18:07:02', '2014-04-29 18:07:02', '554cef99-4790-4019-bee3-7f9463db764d');
INSERT INTO `craft_migrations` (`id`, `pluginId`, `version`, `applyTime`, `dateCreated`, `dateUpdated`, `uid`) VALUES ('30', NULL, 'm140401_000019_rackspace_auth_api', '2014-04-29 18:07:02', '2014-04-29 18:07:02', '2014-04-29 18:07:02', 'bb53a71a-86dc-4c55-91e6-0d26635b407e');
INSERT INTO `craft_migrations` (`id`, `pluginId`, `version`, `applyTime`, `dateCreated`, `dateUpdated`, `uid`) VALUES ('31', NULL, 'm140401_000020_deprecationerrors_table', '2014-04-29 18:07:02', '2014-04-29 18:07:02', '2014-04-29 18:07:02', '60fc0513-ed0f-499e-8139-8b03be0bde8a');
INSERT INTO `craft_migrations` (`id`, `pluginId`, `version`, `applyTime`, `dateCreated`, `dateUpdated`, `uid`) VALUES ('32', NULL, 'm140401_000021_client_user', '2014-04-29 18:07:02', '2014-04-29 18:07:02', '2014-04-29 18:07:02', '9603c190-4824-417f-8cbd-680562a1c8ab');
INSERT INTO `craft_migrations` (`id`, `pluginId`, `version`, `applyTime`, `dateCreated`, `dateUpdated`, `uid`) VALUES ('33', NULL, 'm140401_100000_resave_elements', '2014-04-29 18:07:02', '2014-04-29 18:07:02', '2014-04-29 18:07:02', 'd5c472b3-f29d-4ebf-a880-cdf20ed9949a');
INSERT INTO `craft_migrations` (`id`, `pluginId`, `version`, `applyTime`, `dateCreated`, `dateUpdated`, `uid`) VALUES ('34', NULL, 'm140401_100002_delete_compiled_templates', '2014-04-29 18:07:02', '2014-04-29 18:07:02', '2014-04-29 18:07:02', '89eec446-89b2-4196-8dff-a0d40000feb5');
INSERT INTO `craft_migrations` (`id`, `pluginId`, `version`, `applyTime`, `dateCreated`, `dateUpdated`, `uid`) VALUES ('35', NULL, 'm140403_000000_allow_orphan_assets_again', '2014-04-29 18:07:02', '2014-04-29 18:07:02', '2014-04-29 18:07:02', '775e8b5b-7b56-4007-81ba-a8034599ee86');
INSERT INTO `craft_migrations` (`id`, `pluginId`, `version`, `applyTime`, `dateCreated`, `dateUpdated`, `uid`) VALUES ('36', NULL, 'm140508_000000_fix_disabled_matrix_blocks', '2014-05-13 12:47:41', '2014-05-13 12:47:41', '2014-05-13 12:47:41', 'e228c063-5aaa-4e88-a91f-847f1fa1c079');
INSERT INTO `craft_migrations` (`id`, `pluginId`, `version`, `applyTime`, `dateCreated`, `dateUpdated`, `uid`) VALUES ('37', NULL, 'm140520_000000_add_id_column_to_templatecachecriteria', '2014-05-29 13:43:34', '2014-05-29 13:43:34', '2014-05-29 13:43:34', '8a446eee-cd95-402c-a0cd-71397c860926');
INSERT INTO `craft_migrations` (`id`, `pluginId`, `version`, `applyTime`, `dateCreated`, `dateUpdated`, `uid`) VALUES ('38', NULL, 'm140603_000000_draft_names', '2014-06-03 23:32:04', '2014-06-03 23:32:04', '2014-06-03 23:32:04', 'a71ecae6-e82b-4cd1-8741-77b99da86305');
INSERT INTO `craft_migrations` (`id`, `pluginId`, `version`, `applyTime`, `dateCreated`, `dateUpdated`, `uid`) VALUES ('39', NULL, 'm140603_000001_draft_notes', '2014-06-03 23:32:04', '2014-06-03 23:32:04', '2014-06-03 23:32:04', '872374c6-d74a-4b19-a8a3-fa69c5bdf895');
INSERT INTO `craft_migrations` (`id`, `pluginId`, `version`, `applyTime`, `dateCreated`, `dateUpdated`, `uid`) VALUES ('40', NULL, 'm140603_000002_version_nums', '2014-06-03 23:32:05', '2014-06-03 23:32:05', '2014-06-03 23:32:05', 'bb45fdca-c095-471b-a198-873a8377c217');
INSERT INTO `craft_migrations` (`id`, `pluginId`, `version`, `applyTime`, `dateCreated`, `dateUpdated`, `uid`) VALUES ('41', NULL, 'm140603_000003_version_toggling', '2014-06-03 23:32:05', '2014-06-03 23:32:05', '2014-06-03 23:32:05', '46d4d27b-b9c1-47ff-9a70-265bfcd276cc');
INSERT INTO `craft_migrations` (`id`, `pluginId`, `version`, `applyTime`, `dateCreated`, `dateUpdated`, `uid`) VALUES ('42', NULL, 'm140603_000004_tokens', '2014-06-03 23:32:06', '2014-06-03 23:32:06', '2014-06-03 23:32:06', '176213f9-e6f7-42d9-a0d0-e880419d39b1');
INSERT INTO `craft_migrations` (`id`, `pluginId`, `version`, `applyTime`, `dateCreated`, `dateUpdated`, `uid`) VALUES ('43', NULL, 'm140603_000005_asset_sources', '2014-06-03 23:32:06', '2014-06-03 23:32:06', '2014-06-03 23:32:06', '778cbbc2-c0a5-436d-b504-39db5b9d3fd4');
INSERT INTO `craft_migrations` (`id`, `pluginId`, `version`, `applyTime`, `dateCreated`, `dateUpdated`, `uid`) VALUES ('44', NULL, 'm140716_000001_allow_temp_source_transforms_again', '2015-03-12 12:49:58', '2015-03-12 12:49:58', '2015-03-12 12:49:58', 'd1e3dd45-990c-4b81-91f7-4d5900a5a279');
INSERT INTO `craft_migrations` (`id`, `pluginId`, `version`, `applyTime`, `dateCreated`, `dateUpdated`, `uid`) VALUES ('45', NULL, 'm140731_000001_resave_elements_with_assets_in_temp_sources', '2015-03-12 12:49:58', '2015-03-12 12:49:58', '2015-03-12 12:49:58', '4a73ae7a-968d-4c81-943a-52b8b5110471');



DROP TABLE IF EXISTS `craft_plugins`;


--
-- Schema for table `craft_plugins`
--
CREATE TABLE `craft_plugins` (
  `id` int(11) NOT NULL AUTO_INCREMENT,
  `class` varchar(150) COLLATE utf8_unicode_ci NOT NULL,
  `version` char(15) COLLATE utf8_unicode_ci NOT NULL,
  `enabled` tinyint(1) unsigned NOT NULL DEFAULT '0',
  `settings` text COLLATE utf8_unicode_ci,
  `installDate` datetime NOT NULL,
  `dateCreated` datetime NOT NULL,
  `dateUpdated` datetime NOT NULL,
  `uid` char(36) COLLATE utf8_unicode_ci NOT NULL DEFAULT '0',
  PRIMARY KEY (`id`)
) ENGINE=InnoDB DEFAULT CHARSET=utf8 COLLATE=utf8_unicode_ci;

DROP TABLE IF EXISTS `craft_rackspaceaccess`;


--
-- Schema for table `craft_rackspaceaccess`
--
CREATE TABLE `craft_rackspaceaccess` (
  `id` int(11) NOT NULL AUTO_INCREMENT,
  `connectionKey` varchar(255) COLLATE utf8_unicode_ci NOT NULL,
  `token` varchar(255) COLLATE utf8_unicode_ci NOT NULL,
  `storageUrl` varchar(255) COLLATE utf8_unicode_ci NOT NULL,
  `cdnUrl` varchar(255) COLLATE utf8_unicode_ci NOT NULL,
  `dateCreated` datetime NOT NULL,
  `dateUpdated` datetime NOT NULL,
  `uid` char(36) COLLATE utf8_unicode_ci NOT NULL DEFAULT '0',
  PRIMARY KEY (`id`),
  UNIQUE KEY `craft_rackspaceaccess_connectionKey_unq_idx` (`connectionKey`)
) ENGINE=InnoDB DEFAULT CHARSET=utf8 COLLATE=utf8_unicode_ci;

DROP TABLE IF EXISTS `craft_relations`;


--
-- Schema for table `craft_relations`
--
CREATE TABLE `craft_relations` (
  `id` int(11) NOT NULL AUTO_INCREMENT,
  `fieldId` int(11) NOT NULL,
  `sourceId` int(11) NOT NULL,
  `sourceLocale` char(12) COLLATE utf8_unicode_ci DEFAULT NULL,
  `targetId` int(11) NOT NULL,
  `sortOrder` tinyint(4) DEFAULT NULL,
  `dateCreated` datetime NOT NULL,
  `dateUpdated` datetime NOT NULL,
  `uid` char(36) COLLATE utf8_unicode_ci NOT NULL DEFAULT '0',
  PRIMARY KEY (`id`),
  UNIQUE KEY `craft_relations_fieldId_sourceId_sourceLocale_targetId_unq_idx` (`fieldId`,`sourceId`,`sourceLocale`,`targetId`),
  KEY `craft_relations_sourceId_fk` (`sourceId`),
  KEY `craft_relations_sourceLocale_fk` (`sourceLocale`),
  KEY `craft_relations_targetId_fk` (`targetId`)
) ENGINE=InnoDB AUTO_INCREMENT=95 DEFAULT CHARSET=utf8 COLLATE=utf8_unicode_ci;

--
-- Data for table `craft_relations`
--

INSERT INTO `craft_relations` (`id`, `fieldId`, `sourceId`, `sourceLocale`, `targetId`, `sortOrder`, `dateCreated`, `dateUpdated`, `uid`) VALUES ('4', '12', '25', NULL, '24', '1', '2014-05-04 15:48:01', '2014-05-04 15:48:01', '40506113-0cb0-48bc-8c4a-dd4d17a10966');
INSERT INTO `craft_relations` (`id`, `fieldId`, `sourceId`, `sourceLocale`, `targetId`, `sortOrder`, `dateCreated`, `dateUpdated`, `uid`) VALUES ('36', '4', '5', NULL, '4', '1', '2014-05-10 15:09:56', '2014-05-10 15:09:56', '09ded11b-3b1f-43ad-b470-bb168d450b0e');
INSERT INTO `craft_relations` (`id`, `fieldId`, `sourceId`, `sourceLocale`, `targetId`, `sortOrder`, `dateCreated`, `dateUpdated`, `uid`) VALUES ('37', '25', '5', NULL, '32', '1', '2014-05-10 15:09:56', '2014-05-10 15:09:56', 'd7ff17e2-002d-4281-830d-b6b375d30fe8');
INSERT INTO `craft_relations` (`id`, `fieldId`, `sourceId`, `sourceLocale`, `targetId`, `sortOrder`, `dateCreated`, `dateUpdated`, `uid`) VALUES ('38', '26', '5', NULL, '33', '1', '2014-05-10 15:09:56', '2014-05-10 15:09:56', '75cec7e7-3300-4242-99bc-c65d29d09845');
INSERT INTO `craft_relations` (`id`, `fieldId`, `sourceId`, `sourceLocale`, `targetId`, `sortOrder`, `dateCreated`, `dateUpdated`, `uid`) VALUES ('39', '10', '5', NULL, '8', '1', '2014-05-10 15:09:56', '2014-05-10 15:09:56', '286bb523-223a-4157-bb76-664d3611b577');
INSERT INTO `craft_relations` (`id`, `fieldId`, `sourceId`, `sourceLocale`, `targetId`, `sortOrder`, `dateCreated`, `dateUpdated`, `uid`) VALUES ('40', '5', '5', NULL, '25', '1', '2014-05-10 15:09:56', '2014-05-10 15:09:56', '5acd2f7d-7a8c-48fe-9361-cc6daa87f8cb');
INSERT INTO `craft_relations` (`id`, `fieldId`, `sourceId`, `sourceLocale`, `targetId`, `sortOrder`, `dateCreated`, `dateUpdated`, `uid`) VALUES ('41', '13', '5', NULL, '29', '1', '2014-05-10 15:09:56', '2014-05-10 15:09:56', 'b1ea6742-2ab9-4c77-8cc6-76fe34a4b625');
INSERT INTO `craft_relations` (`id`, `fieldId`, `sourceId`, `sourceLocale`, `targetId`, `sortOrder`, `dateCreated`, `dateUpdated`, `uid`) VALUES ('42', '13', '5', NULL, '28', '2', '2014-05-10 15:09:56', '2014-05-10 15:09:56', '8f7ee243-bee8-4102-97b9-52b58406f627');
INSERT INTO `craft_relations` (`id`, `fieldId`, `sourceId`, `sourceLocale`, `targetId`, `sortOrder`, `dateCreated`, `dateUpdated`, `uid`) VALUES ('43', '13', '5', NULL, '27', '3', '2014-05-10 15:09:56', '2014-05-10 15:09:56', 'c5380d28-b556-43b9-a7da-00d589a2f163');
INSERT INTO `craft_relations` (`id`, `fieldId`, `sourceId`, `sourceLocale`, `targetId`, `sortOrder`, `dateCreated`, `dateUpdated`, `uid`) VALUES ('44', '13', '5', NULL, '26', '4', '2014-05-10 15:09:56', '2014-05-10 15:09:56', 'a50202c6-7e46-4588-96a2-ed8de277cd7f');
INSERT INTO `craft_relations` (`id`, `fieldId`, `sourceId`, `sourceLocale`, `targetId`, `sortOrder`, `dateCreated`, `dateUpdated`, `uid`) VALUES ('55', '4', '40', NULL, '41', '1', '2014-05-17 13:35:54', '2014-05-17 13:35:54', '19d6629b-b586-4f33-8a96-ab4fa061f957');
INSERT INTO `craft_relations` (`id`, `fieldId`, `sourceId`, `sourceLocale`, `targetId`, `sortOrder`, `dateCreated`, `dateUpdated`, `uid`) VALUES ('56', '10', '40', NULL, '7', '1', '2014-05-17 13:35:54', '2014-05-17 13:35:54', '046e6e42-23d2-4562-af3c-9afb0cb9659a');
INSERT INTO `craft_relations` (`id`, `fieldId`, `sourceId`, `sourceLocale`, `targetId`, `sortOrder`, `dateCreated`, `dateUpdated`, `uid`) VALUES ('57', '4', '43', NULL, '42', '1', '2014-05-17 13:39:49', '2014-05-17 13:39:49', 'f97df793-9b3e-4de4-a183-485b37f81ce9');
INSERT INTO `craft_relations` (`id`, `fieldId`, `sourceId`, `sourceLocale`, `targetId`, `sortOrder`, `dateCreated`, `dateUpdated`, `uid`) VALUES ('58', '10', '43', NULL, '9', '1', '2014-05-17 13:39:49', '2014-05-17 13:39:49', '726f8b72-d429-435c-abee-74fed33c670d');
INSERT INTO `craft_relations` (`id`, `fieldId`, `sourceId`, `sourceLocale`, `targetId`, `sortOrder`, `dateCreated`, `dateUpdated`, `uid`) VALUES ('59', '13', '43', NULL, '26', '1', '2014-05-17 13:39:49', '2014-05-17 13:39:49', '7ec14ce0-f8c9-4674-853f-0cea736d2972');
INSERT INTO `craft_relations` (`id`, `fieldId`, `sourceId`, `sourceLocale`, `targetId`, `sortOrder`, `dateCreated`, `dateUpdated`, `uid`) VALUES ('70', '4', '45', NULL, '44', '1', '2014-05-17 14:13:40', '2014-05-17 14:13:40', '27383001-d835-465a-8350-3ee3edb2c50b');
INSERT INTO `craft_relations` (`id`, `fieldId`, `sourceId`, `sourceLocale`, `targetId`, `sortOrder`, `dateCreated`, `dateUpdated`, `uid`) VALUES ('71', '10', '45', NULL, '12', '1', '2014-05-17 14:13:40', '2014-05-17 14:13:40', 'fab901aa-d3f1-468e-a0b1-fabaf5b75221');
INSERT INTO `craft_relations` (`id`, `fieldId`, `sourceId`, `sourceLocale`, `targetId`, `sortOrder`, `dateCreated`, `dateUpdated`, `uid`) VALUES ('72', '5', '45', NULL, '25', '1', '2014-05-17 14:13:40', '2014-05-17 14:13:40', 'a07086da-d9b3-4ede-b2d7-9b31f63cc7d9');
INSERT INTO `craft_relations` (`id`, `fieldId`, `sourceId`, `sourceLocale`, `targetId`, `sortOrder`, `dateCreated`, `dateUpdated`, `uid`) VALUES ('73', '13', '45', NULL, '29', '1', '2014-05-17 14:13:40', '2014-05-17 14:13:40', '0381994d-5dce-463d-abc1-2e7d49c4d365');
INSERT INTO `craft_relations` (`id`, `fieldId`, `sourceId`, `sourceLocale`, `targetId`, `sortOrder`, `dateCreated`, `dateUpdated`, `uid`) VALUES ('74', '13', '45', NULL, '28', '2', '2014-05-17 14:13:40', '2014-05-17 14:13:40', '19a12b69-04ad-4eba-8449-9c95be0692b0');
INSERT INTO `craft_relations` (`id`, `fieldId`, `sourceId`, `sourceLocale`, `targetId`, `sortOrder`, `dateCreated`, `dateUpdated`, `uid`) VALUES ('75', '4', '47', NULL, '46', '1', '2014-05-17 14:15:27', '2014-05-17 14:15:27', '4605d01e-79ac-4686-a7f5-13dbdb9c786f');
INSERT INTO `craft_relations` (`id`, `fieldId`, `sourceId`, `sourceLocale`, `targetId`, `sortOrder`, `dateCreated`, `dateUpdated`, `uid`) VALUES ('76', '10', '47', NULL, '21', '1', '2014-05-17 14:15:27', '2014-05-17 14:15:27', 'de41e6b9-3f1e-43f8-b3dc-380db200f023');
INSERT INTO `craft_relations` (`id`, `fieldId`, `sourceId`, `sourceLocale`, `targetId`, `sortOrder`, `dateCreated`, `dateUpdated`, `uid`) VALUES ('77', '13', '47', NULL, '28', '1', '2014-05-17 14:15:27', '2014-05-17 14:15:27', 'd2355cee-5c76-469f-8a08-648ddbaead19');
INSERT INTO `craft_relations` (`id`, `fieldId`, `sourceId`, `sourceLocale`, `targetId`, `sortOrder`, `dateCreated`, `dateUpdated`, `uid`) VALUES ('78', '13', '47', NULL, '27', '2', '2014-05-17 14:15:27', '2014-05-17 14:15:27', '4e52a238-70d5-449b-bbe3-0b5710190a5b');
INSERT INTO `craft_relations` (`id`, `fieldId`, `sourceId`, `sourceLocale`, `targetId`, `sortOrder`, `dateCreated`, `dateUpdated`, `uid`) VALUES ('79', '12', '54', NULL, '51', '1', '2014-05-23 01:46:12', '2014-05-23 01:46:12', '91f76c95-8a49-4c3d-aa24-7b9e3e1015b7');
INSERT INTO `craft_relations` (`id`, `fieldId`, `sourceId`, `sourceLocale`, `targetId`, `sortOrder`, `dateCreated`, `dateUpdated`, `uid`) VALUES ('80', '12', '55', NULL, '50', '1', '2014-05-23 01:46:38', '2014-05-23 01:46:38', '5399475d-aab8-4237-990a-e326625734f3');
INSERT INTO `craft_relations` (`id`, `fieldId`, `sourceId`, `sourceLocale`, `targetId`, `sortOrder`, `dateCreated`, `dateUpdated`, `uid`) VALUES ('81', '12', '56', NULL, '52', '1', '2014-05-23 01:47:08', '2014-05-23 01:47:08', 'baa930d8-942e-41b7-95a0-27b801140775');
INSERT INTO `craft_relations` (`id`, `fieldId`, `sourceId`, `sourceLocale`, `targetId`, `sortOrder`, `dateCreated`, `dateUpdated`, `uid`) VALUES ('82', '12', '57', NULL, '48', '1', '2014-05-23 01:47:38', '2014-05-23 01:47:38', 'ba721ccd-8b0c-446a-9543-0c88f68fb2a6');
INSERT INTO `craft_relations` (`id`, `fieldId`, `sourceId`, `sourceLocale`, `targetId`, `sortOrder`, `dateCreated`, `dateUpdated`, `uid`) VALUES ('83', '12', '58', NULL, '49', '1', '2014-05-23 01:47:57', '2014-05-23 01:47:57', 'dd97f953-a06f-4d7f-8f2b-84b213179403');
INSERT INTO `craft_relations` (`id`, `fieldId`, `sourceId`, `sourceLocale`, `targetId`, `sortOrder`, `dateCreated`, `dateUpdated`, `uid`) VALUES ('89', '17', '31', NULL, '35', '1', '2014-05-29 13:46:30', '2014-05-29 13:46:30', '49fd74b5-9ef6-42c4-89fc-2f32a7b62f8e');
INSERT INTO `craft_relations` (`id`, `fieldId`, `sourceId`, `sourceLocale`, `targetId`, `sortOrder`, `dateCreated`, `dateUpdated`, `uid`) VALUES ('90', '18', '31', NULL, '32', '1', '2014-05-29 13:46:30', '2014-05-29 13:46:30', '3eb67914-6125-4ffa-9fc9-cb129fc3f4ee');
INSERT INTO `craft_relations` (`id`, `fieldId`, `sourceId`, `sourceLocale`, `targetId`, `sortOrder`, `dateCreated`, `dateUpdated`, `uid`) VALUES ('91', '20', '31', NULL, '33', '1', '2014-05-29 13:46:30', '2014-05-29 13:46:30', '9f28c2e0-da67-42e7-a7f9-b2b5138f0eb4');
INSERT INTO `craft_relations` (`id`, `fieldId`, `sourceId`, `sourceLocale`, `targetId`, `sortOrder`, `dateCreated`, `dateUpdated`, `uid`) VALUES ('92', '31', '31', NULL, '59', '1', '2014-05-29 13:46:30', '2014-05-29 13:46:30', '1938a9c7-61c5-4c72-b6fa-ee24d52d79c9');
INSERT INTO `craft_relations` (`id`, `fieldId`, `sourceId`, `sourceLocale`, `targetId`, `sortOrder`, `dateCreated`, `dateUpdated`, `uid`) VALUES ('93', '27', '30', NULL, '47', '1', '2014-05-29 13:46:30', '2014-05-29 13:46:30', 'b3486eb0-26c5-4de0-872e-018dd8bea149');
INSERT INTO `craft_relations` (`id`, `fieldId`, `sourceId`, `sourceLocale`, `targetId`, `sortOrder`, `dateCreated`, `dateUpdated`, `uid`) VALUES ('94', '27', '30', NULL, '45', '2', '2014-05-29 13:46:30', '2014-05-29 13:46:30', '78085c87-89e1-4121-b5bc-26ab51894289');



DROP TABLE IF EXISTS `craft_routes`;


--
-- Schema for table `craft_routes`
--
CREATE TABLE `craft_routes` (
  `id` int(11) NOT NULL AUTO_INCREMENT,
  `locale` char(12) COLLATE utf8_unicode_ci DEFAULT NULL,
  `urlParts` varchar(255) COLLATE utf8_unicode_ci NOT NULL,
  `urlPattern` varchar(255) COLLATE utf8_unicode_ci NOT NULL,
  `template` varchar(255) COLLATE utf8_unicode_ci NOT NULL,
  `sortOrder` tinyint(4) DEFAULT NULL,
  `dateCreated` datetime NOT NULL,
  `dateUpdated` datetime NOT NULL,
  `uid` char(36) COLLATE utf8_unicode_ci NOT NULL DEFAULT '0',
  PRIMARY KEY (`id`),
  UNIQUE KEY `craft_routes_urlPattern_unq_idx` (`urlPattern`),
  KEY `craft_routes_locale_idx` (`locale`)
) ENGINE=InnoDB DEFAULT CHARSET=utf8 COLLATE=utf8_unicode_ci;

DROP TABLE IF EXISTS `craft_searchindex`;


--
-- Schema for table `craft_searchindex`
--
CREATE TABLE `craft_searchindex` (
  `elementId` int(11) NOT NULL,
  `attribute` varchar(25) COLLATE utf8_unicode_ci NOT NULL,
  `fieldId` int(11) NOT NULL,
  `locale` char(12) COLLATE utf8_unicode_ci NOT NULL,
  `keywords` text COLLATE utf8_unicode_ci NOT NULL,
  PRIMARY KEY (`elementId`,`attribute`,`fieldId`,`locale`),
  FULLTEXT KEY `craft_searchindex_keywords_idx` (`keywords`)
) ENGINE=MyISAM DEFAULT CHARSET=utf8 COLLATE=utf8_unicode_ci;

--
-- Data for table `craft_searchindex`
--

INSERT INTO `craft_searchindex` (`elementId`, `attribute`, `fieldId`, `locale`, `keywords`) VALUES ('1', 'username', '0', 'en_us', ' brian ');
INSERT INTO `craft_searchindex` (`elementId`, `attribute`, `fieldId`, `locale`, `keywords`) VALUES ('1', 'firstname', '0', 'en_us', ' brian ');
INSERT INTO `craft_searchindex` (`elementId`, `attribute`, `fieldId`, `locale`, `keywords`) VALUES ('1', 'lastname', '0', 'en_us', ' feeney ');
INSERT INTO `craft_searchindex` (`elementId`, `attribute`, `fieldId`, `locale`, `keywords`) VALUES ('1', 'fullname', '0', 'en_us', ' brian feeney ');
INSERT INTO `craft_searchindex` (`elementId`, `attribute`, `fieldId`, `locale`, `keywords`) VALUES ('1', 'email', '0', 'en_us', ' bcfeeney gmail com ');
INSERT INTO `craft_searchindex` (`elementId`, `attribute`, `fieldId`, `locale`, `keywords`) VALUES ('1', 'slug', '0', 'en_us', '');
INSERT INTO `craft_searchindex` (`elementId`, `attribute`, `fieldId`, `locale`, `keywords`) VALUES ('2', 'field', '1', 'en_us', ' welcome to denizen dev ');
INSERT INTO `craft_searchindex` (`elementId`, `attribute`, `fieldId`, `locale`, `keywords`) VALUES ('2', 'field', '2', 'en_us', ' it s true this site doesn t have a whole lot of content yet but don t worry our web developers have just installed the cms and they re setting things up for the content editors this very moment soon denizen dev will be an oasis of fresh perspectives sharp analyses and astute opinions that will keep you coming back again and again ');
INSERT INTO `craft_searchindex` (`elementId`, `attribute`, `fieldId`, `locale`, `keywords`) VALUES ('2', 'slug', '0', 'en_us', ' homepage ');
INSERT INTO `craft_searchindex` (`elementId`, `attribute`, `fieldId`, `locale`, `keywords`) VALUES ('2', 'title', '0', 'en_us', ' homepage ');
INSERT INTO `craft_searchindex` (`elementId`, `attribute`, `fieldId`, `locale`, `keywords`) VALUES ('3', 'field', '2', 'en_us', ' craft is the cms that s powering denizen dev it s beautiful powerful flexible and easy to use and it s made by pixel tonic we can t wait to dive in and see what it s capable of this is even more captivating content which you couldn t see on the news index page because it was entered after a page break and the news index template only likes to show the content on the first page craft a nice alternative to word if you re making a website ');
INSERT INTO `craft_searchindex` (`elementId`, `attribute`, `fieldId`, `locale`, `keywords`) VALUES ('3', 'field', '3', 'en_us', '');
INSERT INTO `craft_searchindex` (`elementId`, `attribute`, `fieldId`, `locale`, `keywords`) VALUES ('3', 'slug', '0', 'en_us', '');
INSERT INTO `craft_searchindex` (`elementId`, `attribute`, `fieldId`, `locale`, `keywords`) VALUES ('3', 'title', '0', 'en_us', ' we just installed craft ');
INSERT INTO `craft_searchindex` (`elementId`, `attribute`, `fieldId`, `locale`, `keywords`) VALUES ('4', 'filename', '0', 'en_us', ' discovery_fastnloud_kraft mp4 ');
INSERT INTO `craft_searchindex` (`elementId`, `attribute`, `fieldId`, `locale`, `keywords`) VALUES ('4', 'extension', '0', 'en_us', ' mp4 ');
INSERT INTO `craft_searchindex` (`elementId`, `attribute`, `fieldId`, `locale`, `keywords`) VALUES ('4', 'kind', '0', 'en_us', ' video ');
INSERT INTO `craft_searchindex` (`elementId`, `attribute`, `fieldId`, `locale`, `keywords`) VALUES ('4', 'slug', '0', 'en_us', ' discovery fastnloud kraft ');
INSERT INTO `craft_searchindex` (`elementId`, `attribute`, `fieldId`, `locale`, `keywords`) VALUES ('4', 'title', '0', 'en_us', ' discovery fastnloud kraft ');
INSERT INTO `craft_searchindex` (`elementId`, `attribute`, `fieldId`, `locale`, `keywords`) VALUES ('5', 'slug', '0', 'en_us', ' fast n loud ');
INSERT INTO `craft_searchindex` (`elementId`, `attribute`, `fieldId`, `locale`, `keywords`) VALUES ('5', 'title', '0', 'en_us', ' fast n loud ');
INSERT INTO `craft_searchindex` (`elementId`, `attribute`, `fieldId`, `locale`, `keywords`) VALUES ('5', 'field', '4', 'en_us', ' discovery fastnloud kraft ');
INSERT INTO `craft_searchindex` (`elementId`, `attribute`, `fieldId`, `locale`, `keywords`) VALUES ('5', 'field', '5', 'en_us', ' wb ');
INSERT INTO `craft_searchindex` (`elementId`, `attribute`, `fieldId`, `locale`, `keywords`) VALUES ('6', 'slug', '0', 'en_us', '');
INSERT INTO `craft_searchindex` (`elementId`, `attribute`, `fieldId`, `locale`, `keywords`) VALUES ('6', 'field', '6', 'en_us', ' 12711 ventura boulevard suite 320 studio city ca 91604 ');
INSERT INTO `craft_searchindex` (`elementId`, `attribute`, `fieldId`, `locale`, `keywords`) VALUES ('6', 'field', '7', 'en_us', ' 818 824 6248 ');
INSERT INTO `craft_searchindex` (`elementId`, `attribute`, `fieldId`, `locale`, `keywords`) VALUES ('6', 'field', '8', 'en_us', ' http facebook com ');
INSERT INTO `craft_searchindex` (`elementId`, `attribute`, `fieldId`, `locale`, `keywords`) VALUES ('6', 'field', '9', 'en_us', ' http twitter com ');
INSERT INTO `craft_searchindex` (`elementId`, `attribute`, `fieldId`, `locale`, `keywords`) VALUES ('7', 'filename', '0', 'en_us', ' discovery 3 days to kill jpg ');
INSERT INTO `craft_searchindex` (`elementId`, `attribute`, `fieldId`, `locale`, `keywords`) VALUES ('7', 'extension', '0', 'en_us', ' jpg ');
INSERT INTO `craft_searchindex` (`elementId`, `attribute`, `fieldId`, `locale`, `keywords`) VALUES ('7', 'kind', '0', 'en_us', ' image ');
INSERT INTO `craft_searchindex` (`elementId`, `attribute`, `fieldId`, `locale`, `keywords`) VALUES ('7', 'slug', '0', 'en_us', ' discovery 3 days to kill ');
INSERT INTO `craft_searchindex` (`elementId`, `attribute`, `fieldId`, `locale`, `keywords`) VALUES ('7', 'title', '0', 'en_us', ' discovery 3 days to kill ');
INSERT INTO `craft_searchindex` (`elementId`, `attribute`, `fieldId`, `locale`, `keywords`) VALUES ('8', 'filename', '0', 'en_us', ' discovery fastnloud kraft jpg ');
INSERT INTO `craft_searchindex` (`elementId`, `attribute`, `fieldId`, `locale`, `keywords`) VALUES ('8', 'extension', '0', 'en_us', ' jpg ');
INSERT INTO `craft_searchindex` (`elementId`, `attribute`, `fieldId`, `locale`, `keywords`) VALUES ('8', 'kind', '0', 'en_us', ' image ');
INSERT INTO `craft_searchindex` (`elementId`, `attribute`, `fieldId`, `locale`, `keywords`) VALUES ('8', 'slug', '0', 'en_us', ' discovery fastnloud kraft ');
INSERT INTO `craft_searchindex` (`elementId`, `attribute`, `fieldId`, `locale`, `keywords`) VALUES ('8', 'title', '0', 'en_us', ' discovery fastnloud kraft ');
INSERT INTO `craft_searchindex` (`elementId`, `attribute`, `fieldId`, `locale`, `keywords`) VALUES ('9', 'filename', '0', 'en_us', ' discovery playstation jpg ');
INSERT INTO `craft_searchindex` (`elementId`, `attribute`, `fieldId`, `locale`, `keywords`) VALUES ('9', 'extension', '0', 'en_us', ' jpg ');
INSERT INTO `craft_searchindex` (`elementId`, `attribute`, `fieldId`, `locale`, `keywords`) VALUES ('9', 'kind', '0', 'en_us', ' image ');
INSERT INTO `craft_searchindex` (`elementId`, `attribute`, `fieldId`, `locale`, `keywords`) VALUES ('9', 'slug', '0', 'en_us', ' discovery playstation ');
INSERT INTO `craft_searchindex` (`elementId`, `attribute`, `fieldId`, `locale`, `keywords`) VALUES ('9', 'title', '0', 'en_us', ' discovery playstation ');
INSERT INTO `craft_searchindex` (`elementId`, `attribute`, `fieldId`, `locale`, `keywords`) VALUES ('10', 'filename', '0', 'en_us', ' doomsday_psa_power_30_website reel jpg ');
INSERT INTO `craft_searchindex` (`elementId`, `attribute`, `fieldId`, `locale`, `keywords`) VALUES ('10', 'extension', '0', 'en_us', ' jpg ');
INSERT INTO `craft_searchindex` (`elementId`, `attribute`, `fieldId`, `locale`, `keywords`) VALUES ('10', 'kind', '0', 'en_us', ' image ');
INSERT INTO `craft_searchindex` (`elementId`, `attribute`, `fieldId`, `locale`, `keywords`) VALUES ('10', 'slug', '0', 'en_us', ' doomsday psa power 30 website reel ');
INSERT INTO `craft_searchindex` (`elementId`, `attribute`, `fieldId`, `locale`, `keywords`) VALUES ('10', 'title', '0', 'en_us', ' doomsday psa power 30 website reel ');
INSERT INTO `craft_searchindex` (`elementId`, `attribute`, `fieldId`, `locale`, `keywords`) VALUES ('11', 'filename', '0', 'en_us', ' doomsday_psa_weather_30_website reel jpg ');
INSERT INTO `craft_searchindex` (`elementId`, `attribute`, `fieldId`, `locale`, `keywords`) VALUES ('11', 'extension', '0', 'en_us', ' jpg ');
INSERT INTO `craft_searchindex` (`elementId`, `attribute`, `fieldId`, `locale`, `keywords`) VALUES ('11', 'kind', '0', 'en_us', ' image ');
INSERT INTO `craft_searchindex` (`elementId`, `attribute`, `fieldId`, `locale`, `keywords`) VALUES ('11', 'slug', '0', 'en_us', ' doomsday psa weather 30 website reel ');
INSERT INTO `craft_searchindex` (`elementId`, `attribute`, `fieldId`, `locale`, `keywords`) VALUES ('11', 'title', '0', 'en_us', ' doomsday psa weather 30 website reel ');
INSERT INTO `craft_searchindex` (`elementId`, `attribute`, `fieldId`, `locale`, `keywords`) VALUES ('12', 'filename', '0', 'en_us', ' lao_svu_launch wb web settings jpg ');
INSERT INTO `craft_searchindex` (`elementId`, `attribute`, `fieldId`, `locale`, `keywords`) VALUES ('12', 'extension', '0', 'en_us', ' jpg ');
INSERT INTO `craft_searchindex` (`elementId`, `attribute`, `fieldId`, `locale`, `keywords`) VALUES ('12', 'kind', '0', 'en_us', ' image ');
INSERT INTO `craft_searchindex` (`elementId`, `attribute`, `fieldId`, `locale`, `keywords`) VALUES ('12', 'slug', '0', 'en_us', ' lao svu launch wb web settings ');
INSERT INTO `craft_searchindex` (`elementId`, `attribute`, `fieldId`, `locale`, `keywords`) VALUES ('12', 'title', '0', 'en_us', ' lao svu launch wb web settings ');
INSERT INTO `craft_searchindex` (`elementId`, `attribute`, `fieldId`, `locale`, `keywords`) VALUES ('13', 'filename', '0', 'en_us', ' tbs_target_cougartown_design jpg ');
INSERT INTO `craft_searchindex` (`elementId`, `attribute`, `fieldId`, `locale`, `keywords`) VALUES ('13', 'extension', '0', 'en_us', ' jpg ');
INSERT INTO `craft_searchindex` (`elementId`, `attribute`, `fieldId`, `locale`, `keywords`) VALUES ('13', 'kind', '0', 'en_us', ' image ');
INSERT INTO `craft_searchindex` (`elementId`, `attribute`, `fieldId`, `locale`, `keywords`) VALUES ('13', 'slug', '0', 'en_us', ' tbs target cougartown design ');
INSERT INTO `craft_searchindex` (`elementId`, `attribute`, `fieldId`, `locale`, `keywords`) VALUES ('13', 'title', '0', 'en_us', ' tbs target cougartown design ');
INSERT INTO `craft_searchindex` (`elementId`, `attribute`, `fieldId`, `locale`, `keywords`) VALUES ('14', 'filename', '0', 'en_us', ' tbs_target_cougartown_laurie jpg ');
INSERT INTO `craft_searchindex` (`elementId`, `attribute`, `fieldId`, `locale`, `keywords`) VALUES ('14', 'extension', '0', 'en_us', ' jpg ');
INSERT INTO `craft_searchindex` (`elementId`, `attribute`, `fieldId`, `locale`, `keywords`) VALUES ('14', 'kind', '0', 'en_us', ' image ');
INSERT INTO `craft_searchindex` (`elementId`, `attribute`, `fieldId`, `locale`, `keywords`) VALUES ('14', 'slug', '0', 'en_us', ' tbs target cougartown laurie ');
INSERT INTO `craft_searchindex` (`elementId`, `attribute`, `fieldId`, `locale`, `keywords`) VALUES ('14', 'title', '0', 'en_us', ' tbs target cougartown laurie ');
INSERT INTO `craft_searchindex` (`elementId`, `attribute`, `fieldId`, `locale`, `keywords`) VALUES ('15', 'filename', '0', 'en_us', ' tbs_target_cougartown_promo jpg ');
INSERT INTO `craft_searchindex` (`elementId`, `attribute`, `fieldId`, `locale`, `keywords`) VALUES ('15', 'extension', '0', 'en_us', ' jpg ');
INSERT INTO `craft_searchindex` (`elementId`, `attribute`, `fieldId`, `locale`, `keywords`) VALUES ('15', 'kind', '0', 'en_us', ' image ');
INSERT INTO `craft_searchindex` (`elementId`, `attribute`, `fieldId`, `locale`, `keywords`) VALUES ('15', 'slug', '0', 'en_us', ' tbs target cougartown promo ');
INSERT INTO `craft_searchindex` (`elementId`, `attribute`, `fieldId`, `locale`, `keywords`) VALUES ('15', 'title', '0', 'en_us', ' tbs target cougartown promo ');
INSERT INTO `craft_searchindex` (`elementId`, `attribute`, `fieldId`, `locale`, `keywords`) VALUES ('16', 'filename', '0', 'en_us', ' tlc arm and hammer jpg ');
INSERT INTO `craft_searchindex` (`elementId`, `attribute`, `fieldId`, `locale`, `keywords`) VALUES ('16', 'extension', '0', 'en_us', ' jpg ');
INSERT INTO `craft_searchindex` (`elementId`, `attribute`, `fieldId`, `locale`, `keywords`) VALUES ('16', 'kind', '0', 'en_us', ' image ');
INSERT INTO `craft_searchindex` (`elementId`, `attribute`, `fieldId`, `locale`, `keywords`) VALUES ('16', 'slug', '0', 'en_us', ' tlc arm and hammer ');
INSERT INTO `craft_searchindex` (`elementId`, `attribute`, `fieldId`, `locale`, `keywords`) VALUES ('16', 'title', '0', 'en_us', ' tlc arm and hammer ');
INSERT INTO `craft_searchindex` (`elementId`, `attribute`, `fieldId`, `locale`, `keywords`) VALUES ('17', 'filename', '0', 'en_us', ' tlc going the distance hybrid jpg ');
INSERT INTO `craft_searchindex` (`elementId`, `attribute`, `fieldId`, `locale`, `keywords`) VALUES ('17', 'extension', '0', 'en_us', ' jpg ');
INSERT INTO `craft_searchindex` (`elementId`, `attribute`, `fieldId`, `locale`, `keywords`) VALUES ('17', 'kind', '0', 'en_us', ' image ');
INSERT INTO `craft_searchindex` (`elementId`, `attribute`, `fieldId`, `locale`, `keywords`) VALUES ('17', 'slug', '0', 'en_us', ' tlc going the distance hybrid ');
INSERT INTO `craft_searchindex` (`elementId`, `attribute`, `fieldId`, `locale`, `keywords`) VALUES ('17', 'title', '0', 'en_us', ' tlc going the distance hybrid ');
INSERT INTO `craft_searchindex` (`elementId`, `attribute`, `fieldId`, `locale`, `keywords`) VALUES ('18', 'filename', '0', 'en_us', ' tlc going the distance promo jpg ');
INSERT INTO `craft_searchindex` (`elementId`, `attribute`, `fieldId`, `locale`, `keywords`) VALUES ('18', 'extension', '0', 'en_us', ' jpg ');
INSERT INTO `craft_searchindex` (`elementId`, `attribute`, `fieldId`, `locale`, `keywords`) VALUES ('18', 'kind', '0', 'en_us', ' image ');
INSERT INTO `craft_searchindex` (`elementId`, `attribute`, `fieldId`, `locale`, `keywords`) VALUES ('18', 'slug', '0', 'en_us', ' tlc going the distance promo ');
INSERT INTO `craft_searchindex` (`elementId`, `attribute`, `fieldId`, `locale`, `keywords`) VALUES ('18', 'title', '0', 'en_us', ' tlc going the distance promo ');
INSERT INTO `craft_searchindex` (`elementId`, `attribute`, `fieldId`, `locale`, `keywords`) VALUES ('19', 'filename', '0', 'en_us', ' tlc toyota venza_website reel jpg ');
INSERT INTO `craft_searchindex` (`elementId`, `attribute`, `fieldId`, `locale`, `keywords`) VALUES ('19', 'extension', '0', 'en_us', ' jpg ');
INSERT INTO `craft_searchindex` (`elementId`, `attribute`, `fieldId`, `locale`, `keywords`) VALUES ('19', 'kind', '0', 'en_us', ' image ');
INSERT INTO `craft_searchindex` (`elementId`, `attribute`, `fieldId`, `locale`, `keywords`) VALUES ('19', 'slug', '0', 'en_us', ' tlc toyota venza website reel ');
INSERT INTO `craft_searchindex` (`elementId`, `attribute`, `fieldId`, `locale`, `keywords`) VALUES ('19', 'title', '0', 'en_us', ' tlc toyota venza website reel ');
INSERT INTO `craft_searchindex` (`elementId`, `attribute`, `fieldId`, `locale`, `keywords`) VALUES ('20', 'filename', '0', 'en_us', ' tlc_kleenex website reel jpg ');
INSERT INTO `craft_searchindex` (`elementId`, `attribute`, `fieldId`, `locale`, `keywords`) VALUES ('20', 'extension', '0', 'en_us', ' jpg ');
INSERT INTO `craft_searchindex` (`elementId`, `attribute`, `fieldId`, `locale`, `keywords`) VALUES ('20', 'kind', '0', 'en_us', ' image ');
INSERT INTO `craft_searchindex` (`elementId`, `attribute`, `fieldId`, `locale`, `keywords`) VALUES ('20', 'slug', '0', 'en_us', ' tlc kleenex website reel ');
INSERT INTO `craft_searchindex` (`elementId`, `attribute`, `fieldId`, `locale`, `keywords`) VALUES ('20', 'title', '0', 'en_us', ' tlc kleenex website reel ');
INSERT INTO `craft_searchindex` (`elementId`, `attribute`, `fieldId`, `locale`, `keywords`) VALUES ('21', 'filename', '0', 'en_us', ' uproar auditions psa_website jpg ');
INSERT INTO `craft_searchindex` (`elementId`, `attribute`, `fieldId`, `locale`, `keywords`) VALUES ('21', 'extension', '0', 'en_us', ' jpg ');
INSERT INTO `craft_searchindex` (`elementId`, `attribute`, `fieldId`, `locale`, `keywords`) VALUES ('21', 'kind', '0', 'en_us', ' image ');
INSERT INTO `craft_searchindex` (`elementId`, `attribute`, `fieldId`, `locale`, `keywords`) VALUES ('21', 'slug', '0', 'en_us', ' uproar auditions psa website ');
INSERT INTO `craft_searchindex` (`elementId`, `attribute`, `fieldId`, `locale`, `keywords`) VALUES ('21', 'title', '0', 'en_us', ' uproar auditions psa website ');
INSERT INTO `craft_searchindex` (`elementId`, `attribute`, `fieldId`, `locale`, `keywords`) VALUES ('22', 'filename', '0', 'en_us', ' velocity vinsetta jpg ');
INSERT INTO `craft_searchindex` (`elementId`, `attribute`, `fieldId`, `locale`, `keywords`) VALUES ('22', 'extension', '0', 'en_us', ' jpg ');
INSERT INTO `craft_searchindex` (`elementId`, `attribute`, `fieldId`, `locale`, `keywords`) VALUES ('22', 'kind', '0', 'en_us', ' image ');
INSERT INTO `craft_searchindex` (`elementId`, `attribute`, `fieldId`, `locale`, `keywords`) VALUES ('22', 'slug', '0', 'en_us', ' velocity vinsetta ');
INSERT INTO `craft_searchindex` (`elementId`, `attribute`, `fieldId`, `locale`, `keywords`) VALUES ('22', 'title', '0', 'en_us', ' velocity vinsetta ');
INSERT INTO `craft_searchindex` (`elementId`, `attribute`, `fieldId`, `locale`, `keywords`) VALUES ('5', 'field', '10', 'en_us', ' discovery fastnloud kraft ');
INSERT INTO `craft_searchindex` (`elementId`, `attribute`, `fieldId`, `locale`, `keywords`) VALUES ('23', 'field', '11', 'en_us', ' welcome to the dark side where denizens flourish we are monsters at tv marketing and experts in the black art of persuasion we woo we wow we win awards and our client list is a who s who of the top tv networks but we know promo magic doesn t happen by magic it s built by hand and we get our hands dirty every step of the way with rock solid concepts crisp copy killer graphics and drum tight editing concept is king here before any script gets written or any edit suite fired up we unearth the most compelling ideas this makes our episodics feel like launch campaigns and our sizzle reels feel like theatrical trailers there is no box big enough to contain our creative thought process some think the best ideas come out of the blue we believe the best ones come out of the dark that s why we live there we are denizen come join us on the dark side ');
INSERT INTO `craft_searchindex` (`elementId`, `attribute`, `fieldId`, `locale`, `keywords`) VALUES ('23', 'slug', '0', 'en_us', '');
INSERT INTO `craft_searchindex` (`elementId`, `attribute`, `fieldId`, `locale`, `keywords`) VALUES ('24', 'filename', '0', 'en_us', ' logo wb png ');
INSERT INTO `craft_searchindex` (`elementId`, `attribute`, `fieldId`, `locale`, `keywords`) VALUES ('24', 'extension', '0', 'en_us', ' png ');
INSERT INTO `craft_searchindex` (`elementId`, `attribute`, `fieldId`, `locale`, `keywords`) VALUES ('24', 'kind', '0', 'en_us', ' image ');
INSERT INTO `craft_searchindex` (`elementId`, `attribute`, `fieldId`, `locale`, `keywords`) VALUES ('24', 'slug', '0', 'en_us', ' logo wb ');
INSERT INTO `craft_searchindex` (`elementId`, `attribute`, `fieldId`, `locale`, `keywords`) VALUES ('24', 'title', '0', 'en_us', ' logo wb ');
INSERT INTO `craft_searchindex` (`elementId`, `attribute`, `fieldId`, `locale`, `keywords`) VALUES ('25', 'field', '12', 'en_us', '');
INSERT INTO `craft_searchindex` (`elementId`, `attribute`, `fieldId`, `locale`, `keywords`) VALUES ('25', 'slug', '0', 'en_us', ' wb ');
INSERT INTO `craft_searchindex` (`elementId`, `attribute`, `fieldId`, `locale`, `keywords`) VALUES ('25', 'title', '0', 'en_us', ' wb ');
INSERT INTO `craft_searchindex` (`elementId`, `attribute`, `fieldId`, `locale`, `keywords`) VALUES ('26', 'slug', '0', 'en_us', ' david gold ');
INSERT INTO `craft_searchindex` (`elementId`, `attribute`, `fieldId`, `locale`, `keywords`) VALUES ('26', 'title', '0', 'en_us', ' david gold ');
INSERT INTO `craft_searchindex` (`elementId`, `attribute`, `fieldId`, `locale`, `keywords`) VALUES ('27', 'slug', '0', 'en_us', ' chris mckenna ');
INSERT INTO `craft_searchindex` (`elementId`, `attribute`, `fieldId`, `locale`, `keywords`) VALUES ('27', 'title', '0', 'en_us', ' chris mckenna ');
INSERT INTO `craft_searchindex` (`elementId`, `attribute`, `fieldId`, `locale`, `keywords`) VALUES ('28', 'slug', '0', 'en_us', ' monica hinden ');
INSERT INTO `craft_searchindex` (`elementId`, `attribute`, `fieldId`, `locale`, `keywords`) VALUES ('28', 'title', '0', 'en_us', ' monica hinden ');
INSERT INTO `craft_searchindex` (`elementId`, `attribute`, `fieldId`, `locale`, `keywords`) VALUES ('29', 'slug', '0', 'en_us', ' keith dorsch ');
INSERT INTO `craft_searchindex` (`elementId`, `attribute`, `fieldId`, `locale`, `keywords`) VALUES ('29', 'title', '0', 'en_us', ' keith dorsch ');
INSERT INTO `craft_searchindex` (`elementId`, `attribute`, `fieldId`, `locale`, `keywords`) VALUES ('5', 'field', '13', 'en_us', ' keith dorsch monica hinden chris mckenna david gold ');
INSERT INTO `craft_searchindex` (`elementId`, `attribute`, `fieldId`, `locale`, `keywords`) VALUES ('5', 'field', '2', 'en_us', ' lorem ipsum dolor sit amet consectetur adipisicing elit sed do eiusmod tempor incididunt ut labore et dolore magna aliqua ut enim ad minim veniam quis nostrud exercitation ullamco laboris nisi ut aliquip ex ea commodo consequat duis aute irure dolor in reprehenderit in voluptate velit esse cillum dolore eu fugiat nulla pariatur excepteur sint occaecat cupidatat non proident sunt in culpa qui officia deserunt mollit anim id est laborum ');
INSERT INTO `craft_searchindex` (`elementId`, `attribute`, `fieldId`, `locale`, `keywords`) VALUES ('5', 'field', '14', 'en_us', '');
INSERT INTO `craft_searchindex` (`elementId`, `attribute`, `fieldId`, `locale`, `keywords`) VALUES ('5', 'field', '15', 'en_us', ' launch ');
INSERT INTO `craft_searchindex` (`elementId`, `attribute`, `fieldId`, `locale`, `keywords`) VALUES ('30', 'field', '16', 'en_us', ' denizen v4 ogg sample landing ');
INSERT INTO `craft_searchindex` (`elementId`, `attribute`, `fieldId`, `locale`, `keywords`) VALUES ('30', 'slug', '0', 'en_us', '');
INSERT INTO `craft_searchindex` (`elementId`, `attribute`, `fieldId`, `locale`, `keywords`) VALUES ('31', 'field', '17', 'en_us', ' denizen v4 ');
INSERT INTO `craft_searchindex` (`elementId`, `attribute`, `fieldId`, `locale`, `keywords`) VALUES ('31', 'field', '18', 'en_us', ' landing ');
INSERT INTO `craft_searchindex` (`elementId`, `attribute`, `fieldId`, `locale`, `keywords`) VALUES ('31', 'slug', '0', 'en_us', '');
INSERT INTO `craft_searchindex` (`elementId`, `attribute`, `fieldId`, `locale`, `keywords`) VALUES ('32', 'filename', '0', 'en_us', ' landing webm ');
INSERT INTO `craft_searchindex` (`elementId`, `attribute`, `fieldId`, `locale`, `keywords`) VALUES ('32', 'extension', '0', 'en_us', ' webm ');
INSERT INTO `craft_searchindex` (`elementId`, `attribute`, `fieldId`, `locale`, `keywords`) VALUES ('32', 'kind', '0', 'en_us', ' video ');
INSERT INTO `craft_searchindex` (`elementId`, `attribute`, `fieldId`, `locale`, `keywords`) VALUES ('32', 'slug', '0', 'en_us', ' landing ');
INSERT INTO `craft_searchindex` (`elementId`, `attribute`, `fieldId`, `locale`, `keywords`) VALUES ('32', 'title', '0', 'en_us', ' landing ');
INSERT INTO `craft_searchindex` (`elementId`, `attribute`, `fieldId`, `locale`, `keywords`) VALUES ('33', 'filename', '0', 'en_us', ' ogg sample ogg ');
INSERT INTO `craft_searchindex` (`elementId`, `attribute`, `fieldId`, `locale`, `keywords`) VALUES ('33', 'extension', '0', 'en_us', ' ogg ');
INSERT INTO `craft_searchindex` (`elementId`, `attribute`, `fieldId`, `locale`, `keywords`) VALUES ('33', 'kind', '0', 'en_us', ' audio ');
INSERT INTO `craft_searchindex` (`elementId`, `attribute`, `fieldId`, `locale`, `keywords`) VALUES ('33', 'slug', '0', 'en_us', ' ogg sample ');
INSERT INTO `craft_searchindex` (`elementId`, `attribute`, `fieldId`, `locale`, `keywords`) VALUES ('33', 'title', '0', 'en_us', ' ogg sample ');
INSERT INTO `craft_searchindex` (`elementId`, `attribute`, `fieldId`, `locale`, `keywords`) VALUES ('5', 'field', '21', 'en_us', '');
INSERT INTO `craft_searchindex` (`elementId`, `attribute`, `fieldId`, `locale`, `keywords`) VALUES ('34', 'field', '22', 'en_us', '');
INSERT INTO `craft_searchindex` (`elementId`, `attribute`, `fieldId`, `locale`, `keywords`) VALUES ('34', 'field', '23', 'en_us', '');
INSERT INTO `craft_searchindex` (`elementId`, `attribute`, `fieldId`, `locale`, `keywords`) VALUES ('34', 'field', '24', 'en_us', '');
INSERT INTO `craft_searchindex` (`elementId`, `attribute`, `fieldId`, `locale`, `keywords`) VALUES ('34', 'slug', '0', 'en_us', '');
INSERT INTO `craft_searchindex` (`elementId`, `attribute`, `fieldId`, `locale`, `keywords`) VALUES ('5', 'field', '25', 'en_us', '');
INSERT INTO `craft_searchindex` (`elementId`, `attribute`, `fieldId`, `locale`, `keywords`) VALUES ('5', 'field', '26', 'en_us', '');
INSERT INTO `craft_searchindex` (`elementId`, `attribute`, `fieldId`, `locale`, `keywords`) VALUES ('31', 'field', '20', 'en_us', ' ogg sample ');
INSERT INTO `craft_searchindex` (`elementId`, `attribute`, `fieldId`, `locale`, `keywords`) VALUES ('35', 'filename', '0', 'en_us', ' denizen_v4 mp4 ');
INSERT INTO `craft_searchindex` (`elementId`, `attribute`, `fieldId`, `locale`, `keywords`) VALUES ('35', 'extension', '0', 'en_us', ' mp4 ');
INSERT INTO `craft_searchindex` (`elementId`, `attribute`, `fieldId`, `locale`, `keywords`) VALUES ('35', 'kind', '0', 'en_us', ' video ');
INSERT INTO `craft_searchindex` (`elementId`, `attribute`, `fieldId`, `locale`, `keywords`) VALUES ('35', 'slug', '0', 'en_us', ' denizen v4 ');
INSERT INTO `craft_searchindex` (`elementId`, `attribute`, `fieldId`, `locale`, `keywords`) VALUES ('35', 'title', '0', 'en_us', ' denizen v4 ');
INSERT INTO `craft_searchindex` (`elementId`, `attribute`, `fieldId`, `locale`, `keywords`) VALUES ('36', 'filename', '0', 'en_us', ' ogg sample ogv ');
INSERT INTO `craft_searchindex` (`elementId`, `attribute`, `fieldId`, `locale`, `keywords`) VALUES ('36', 'extension', '0', 'en_us', ' ogv ');
INSERT INTO `craft_searchindex` (`elementId`, `attribute`, `fieldId`, `locale`, `keywords`) VALUES ('36', 'kind', '0', 'en_us', ' video ');
INSERT INTO `craft_searchindex` (`elementId`, `attribute`, `fieldId`, `locale`, `keywords`) VALUES ('36', 'slug', '0', 'en_us', ' ogg sample ');
INSERT INTO `craft_searchindex` (`elementId`, `attribute`, `fieldId`, `locale`, `keywords`) VALUES ('36', 'title', '0', 'en_us', ' ogg sample ');
INSERT INTO `craft_searchindex` (`elementId`, `attribute`, `fieldId`, `locale`, `keywords`) VALUES ('37', 'field', '12', 'en_us', '');
INSERT INTO `craft_searchindex` (`elementId`, `attribute`, `fieldId`, `locale`, `keywords`) VALUES ('37', 'slug', '0', 'en_us', ' discovery ');
INSERT INTO `craft_searchindex` (`elementId`, `attribute`, `fieldId`, `locale`, `keywords`) VALUES ('37', 'title', '0', 'en_us', ' discovery ');
INSERT INTO `craft_searchindex` (`elementId`, `attribute`, `fieldId`, `locale`, `keywords`) VALUES ('38', 'field', '12', 'en_us', '');
INSERT INTO `craft_searchindex` (`elementId`, `attribute`, `fieldId`, `locale`, `keywords`) VALUES ('38', 'slug', '0', 'en_us', ' tbs ');
INSERT INTO `craft_searchindex` (`elementId`, `attribute`, `fieldId`, `locale`, `keywords`) VALUES ('38', 'title', '0', 'en_us', ' tbs ');
INSERT INTO `craft_searchindex` (`elementId`, `attribute`, `fieldId`, `locale`, `keywords`) VALUES ('39', 'field', '12', 'en_us', '');
INSERT INTO `craft_searchindex` (`elementId`, `attribute`, `fieldId`, `locale`, `keywords`) VALUES ('39', 'slug', '0', 'en_us', ' tlc ');
INSERT INTO `craft_searchindex` (`elementId`, `attribute`, `fieldId`, `locale`, `keywords`) VALUES ('39', 'title', '0', 'en_us', ' tlc ');
INSERT INTO `craft_searchindex` (`elementId`, `attribute`, `fieldId`, `locale`, `keywords`) VALUES ('40', 'field', '4', 'en_us', '');
INSERT INTO `craft_searchindex` (`elementId`, `attribute`, `fieldId`, `locale`, `keywords`) VALUES ('40', 'field', '25', 'en_us', '');
INSERT INTO `craft_searchindex` (`elementId`, `attribute`, `fieldId`, `locale`, `keywords`) VALUES ('40', 'field', '26', 'en_us', '');
INSERT INTO `craft_searchindex` (`elementId`, `attribute`, `fieldId`, `locale`, `keywords`) VALUES ('40', 'field', '10', 'en_us', ' discovery 3 days to kill ');
INSERT INTO `craft_searchindex` (`elementId`, `attribute`, `fieldId`, `locale`, `keywords`) VALUES ('40', 'field', '5', 'en_us', '');
INSERT INTO `craft_searchindex` (`elementId`, `attribute`, `fieldId`, `locale`, `keywords`) VALUES ('40', 'field', '13', 'en_us', '');
INSERT INTO `craft_searchindex` (`elementId`, `attribute`, `fieldId`, `locale`, `keywords`) VALUES ('40', 'field', '15', 'en_us', ' launch ');
INSERT INTO `craft_searchindex` (`elementId`, `attribute`, `fieldId`, `locale`, `keywords`) VALUES ('40', 'field', '2', 'en_us', '');
INSERT INTO `craft_searchindex` (`elementId`, `attribute`, `fieldId`, `locale`, `keywords`) VALUES ('40', 'slug', '0', 'en_us', ' 3 days to kill ');
INSERT INTO `craft_searchindex` (`elementId`, `attribute`, `fieldId`, `locale`, `keywords`) VALUES ('40', 'title', '0', 'en_us', ' 3 days to kill ');
INSERT INTO `craft_searchindex` (`elementId`, `attribute`, `fieldId`, `locale`, `keywords`) VALUES ('41', 'filename', '0', 'en_us', ' discovery_3_days_to_kill mp4 ');
INSERT INTO `craft_searchindex` (`elementId`, `attribute`, `fieldId`, `locale`, `keywords`) VALUES ('41', 'extension', '0', 'en_us', ' mp4 ');
INSERT INTO `craft_searchindex` (`elementId`, `attribute`, `fieldId`, `locale`, `keywords`) VALUES ('41', 'kind', '0', 'en_us', ' video ');
INSERT INTO `craft_searchindex` (`elementId`, `attribute`, `fieldId`, `locale`, `keywords`) VALUES ('41', 'slug', '0', 'en_us', '');
INSERT INTO `craft_searchindex` (`elementId`, `attribute`, `fieldId`, `locale`, `keywords`) VALUES ('41', 'title', '0', 'en_us', ' discovery 3 days to kill ');
INSERT INTO `craft_searchindex` (`elementId`, `attribute`, `fieldId`, `locale`, `keywords`) VALUES ('42', 'filename', '0', 'en_us', ' discovery_playstation mp4 ');
INSERT INTO `craft_searchindex` (`elementId`, `attribute`, `fieldId`, `locale`, `keywords`) VALUES ('42', 'extension', '0', 'en_us', ' mp4 ');
INSERT INTO `craft_searchindex` (`elementId`, `attribute`, `fieldId`, `locale`, `keywords`) VALUES ('42', 'kind', '0', 'en_us', ' video ');
INSERT INTO `craft_searchindex` (`elementId`, `attribute`, `fieldId`, `locale`, `keywords`) VALUES ('42', 'slug', '0', 'en_us', '');
INSERT INTO `craft_searchindex` (`elementId`, `attribute`, `fieldId`, `locale`, `keywords`) VALUES ('42', 'title', '0', 'en_us', ' discovery playstation ');
INSERT INTO `craft_searchindex` (`elementId`, `attribute`, `fieldId`, `locale`, `keywords`) VALUES ('43', 'field', '4', 'en_us', '');
INSERT INTO `craft_searchindex` (`elementId`, `attribute`, `fieldId`, `locale`, `keywords`) VALUES ('43', 'field', '25', 'en_us', '');
INSERT INTO `craft_searchindex` (`elementId`, `attribute`, `fieldId`, `locale`, `keywords`) VALUES ('43', 'field', '26', 'en_us', '');
INSERT INTO `craft_searchindex` (`elementId`, `attribute`, `fieldId`, `locale`, `keywords`) VALUES ('43', 'field', '10', 'en_us', '');
INSERT INTO `craft_searchindex` (`elementId`, `attribute`, `fieldId`, `locale`, `keywords`) VALUES ('43', 'field', '5', 'en_us', '');
INSERT INTO `craft_searchindex` (`elementId`, `attribute`, `fieldId`, `locale`, `keywords`) VALUES ('43', 'field', '13', 'en_us', '');
INSERT INTO `craft_searchindex` (`elementId`, `attribute`, `fieldId`, `locale`, `keywords`) VALUES ('43', 'field', '15', 'en_us', ' graphics and fx ');
INSERT INTO `craft_searchindex` (`elementId`, `attribute`, `fieldId`, `locale`, `keywords`) VALUES ('43', 'field', '2', 'en_us', '');
INSERT INTO `craft_searchindex` (`elementId`, `attribute`, `fieldId`, `locale`, `keywords`) VALUES ('43', 'slug', '0', 'en_us', ' playstation ');
INSERT INTO `craft_searchindex` (`elementId`, `attribute`, `fieldId`, `locale`, `keywords`) VALUES ('43', 'title', '0', 'en_us', ' playstation ');
INSERT INTO `craft_searchindex` (`elementId`, `attribute`, `fieldId`, `locale`, `keywords`) VALUES ('44', 'filename', '0', 'en_us', ' lao_svu_launch wb_web_settings mp4 ');
INSERT INTO `craft_searchindex` (`elementId`, `attribute`, `fieldId`, `locale`, `keywords`) VALUES ('44', 'extension', '0', 'en_us', ' mp4 ');
INSERT INTO `craft_searchindex` (`elementId`, `attribute`, `fieldId`, `locale`, `keywords`) VALUES ('44', 'kind', '0', 'en_us', ' video ');
INSERT INTO `craft_searchindex` (`elementId`, `attribute`, `fieldId`, `locale`, `keywords`) VALUES ('44', 'slug', '0', 'en_us', '');
INSERT INTO `craft_searchindex` (`elementId`, `attribute`, `fieldId`, `locale`, `keywords`) VALUES ('44', 'title', '0', 'en_us', ' lao svu launch wb web settings ');
INSERT INTO `craft_searchindex` (`elementId`, `attribute`, `fieldId`, `locale`, `keywords`) VALUES ('45', 'field', '4', 'en_us', ' lao svu launch wb web settings ');
INSERT INTO `craft_searchindex` (`elementId`, `attribute`, `fieldId`, `locale`, `keywords`) VALUES ('45', 'field', '25', 'en_us', '');
INSERT INTO `craft_searchindex` (`elementId`, `attribute`, `fieldId`, `locale`, `keywords`) VALUES ('45', 'field', '26', 'en_us', '');
INSERT INTO `craft_searchindex` (`elementId`, `attribute`, `fieldId`, `locale`, `keywords`) VALUES ('45', 'field', '10', 'en_us', ' lao svu launch wb web settings ');
INSERT INTO `craft_searchindex` (`elementId`, `attribute`, `fieldId`, `locale`, `keywords`) VALUES ('45', 'field', '5', 'en_us', ' wb ');
INSERT INTO `craft_searchindex` (`elementId`, `attribute`, `fieldId`, `locale`, `keywords`) VALUES ('45', 'field', '13', 'en_us', ' keith dorsch monica hinden ');
INSERT INTO `craft_searchindex` (`elementId`, `attribute`, `fieldId`, `locale`, `keywords`) VALUES ('45', 'field', '15', 'en_us', ' launch ');
INSERT INTO `craft_searchindex` (`elementId`, `attribute`, `fieldId`, `locale`, `keywords`) VALUES ('45', 'field', '2', 'en_us', '');
INSERT INTO `craft_searchindex` (`elementId`, `attribute`, `fieldId`, `locale`, `keywords`) VALUES ('45', 'slug', '0', 'en_us', ' law and order svu ');
INSERT INTO `craft_searchindex` (`elementId`, `attribute`, `fieldId`, `locale`, `keywords`) VALUES ('45', 'title', '0', 'en_us', ' law and order single victims unit ');
INSERT INTO `craft_searchindex` (`elementId`, `attribute`, `fieldId`, `locale`, `keywords`) VALUES ('46', 'filename', '0', 'en_us', ' uproar_auditions_psa_website mp4 ');
INSERT INTO `craft_searchindex` (`elementId`, `attribute`, `fieldId`, `locale`, `keywords`) VALUES ('46', 'extension', '0', 'en_us', ' mp4 ');
INSERT INTO `craft_searchindex` (`elementId`, `attribute`, `fieldId`, `locale`, `keywords`) VALUES ('46', 'kind', '0', 'en_us', ' video ');
INSERT INTO `craft_searchindex` (`elementId`, `attribute`, `fieldId`, `locale`, `keywords`) VALUES ('46', 'slug', '0', 'en_us', '');
INSERT INTO `craft_searchindex` (`elementId`, `attribute`, `fieldId`, `locale`, `keywords`) VALUES ('46', 'title', '0', 'en_us', ' uproar auditions psa website ');
INSERT INTO `craft_searchindex` (`elementId`, `attribute`, `fieldId`, `locale`, `keywords`) VALUES ('47', 'field', '4', 'en_us', '');
INSERT INTO `craft_searchindex` (`elementId`, `attribute`, `fieldId`, `locale`, `keywords`) VALUES ('47', 'field', '25', 'en_us', '');
INSERT INTO `craft_searchindex` (`elementId`, `attribute`, `fieldId`, `locale`, `keywords`) VALUES ('47', 'field', '26', 'en_us', '');
INSERT INTO `craft_searchindex` (`elementId`, `attribute`, `fieldId`, `locale`, `keywords`) VALUES ('47', 'field', '10', 'en_us', '');
INSERT INTO `craft_searchindex` (`elementId`, `attribute`, `fieldId`, `locale`, `keywords`) VALUES ('47', 'field', '5', 'en_us', '');
INSERT INTO `craft_searchindex` (`elementId`, `attribute`, `fieldId`, `locale`, `keywords`) VALUES ('47', 'field', '13', 'en_us', '');
INSERT INTO `craft_searchindex` (`elementId`, `attribute`, `fieldId`, `locale`, `keywords`) VALUES ('47', 'field', '15', 'en_us', ' comedy ');
INSERT INTO `craft_searchindex` (`elementId`, `attribute`, `fieldId`, `locale`, `keywords`) VALUES ('47', 'field', '2', 'en_us', '');
INSERT INTO `craft_searchindex` (`elementId`, `attribute`, `fieldId`, `locale`, `keywords`) VALUES ('47', 'slug', '0', 'en_us', ' uproar auditions ');
INSERT INTO `craft_searchindex` (`elementId`, `attribute`, `fieldId`, `locale`, `keywords`) VALUES ('47', 'title', '0', 'en_us', ' uproar auditions ');
INSERT INTO `craft_searchindex` (`elementId`, `attribute`, `fieldId`, `locale`, `keywords`) VALUES ('48', 'filename', '0', 'en_us', ' 20thtv_white png ');
INSERT INTO `craft_searchindex` (`elementId`, `attribute`, `fieldId`, `locale`, `keywords`) VALUES ('48', 'extension', '0', 'en_us', ' png ');
INSERT INTO `craft_searchindex` (`elementId`, `attribute`, `fieldId`, `locale`, `keywords`) VALUES ('48', 'kind', '0', 'en_us', ' image ');
INSERT INTO `craft_searchindex` (`elementId`, `attribute`, `fieldId`, `locale`, `keywords`) VALUES ('48', 'slug', '0', 'en_us', ' 20thtv white ');
INSERT INTO `craft_searchindex` (`elementId`, `attribute`, `fieldId`, `locale`, `keywords`) VALUES ('48', 'title', '0', 'en_us', ' 20thtv white ');
INSERT INTO `craft_searchindex` (`elementId`, `attribute`, `fieldId`, `locale`, `keywords`) VALUES ('49', 'filename', '0', 'en_us', ' nbcutd_white_logo png ');
INSERT INTO `craft_searchindex` (`elementId`, `attribute`, `fieldId`, `locale`, `keywords`) VALUES ('49', 'extension', '0', 'en_us', ' png ');
INSERT INTO `craft_searchindex` (`elementId`, `attribute`, `fieldId`, `locale`, `keywords`) VALUES ('49', 'kind', '0', 'en_us', ' image ');
INSERT INTO `craft_searchindex` (`elementId`, `attribute`, `fieldId`, `locale`, `keywords`) VALUES ('49', 'slug', '0', 'en_us', ' nbcutd white logo ');
INSERT INTO `craft_searchindex` (`elementId`, `attribute`, `fieldId`, `locale`, `keywords`) VALUES ('49', 'title', '0', 'en_us', ' nbcutd white logo ');
INSERT INTO `craft_searchindex` (`elementId`, `attribute`, `fieldId`, `locale`, `keywords`) VALUES ('50', 'filename', '0', 'en_us', ' nat_geo_wild_logo_white png ');
INSERT INTO `craft_searchindex` (`elementId`, `attribute`, `fieldId`, `locale`, `keywords`) VALUES ('50', 'extension', '0', 'en_us', ' png ');
INSERT INTO `craft_searchindex` (`elementId`, `attribute`, `fieldId`, `locale`, `keywords`) VALUES ('50', 'kind', '0', 'en_us', ' image ');
INSERT INTO `craft_searchindex` (`elementId`, `attribute`, `fieldId`, `locale`, `keywords`) VALUES ('50', 'slug', '0', 'en_us', ' nat geo wild logo white ');
INSERT INTO `craft_searchindex` (`elementId`, `attribute`, `fieldId`, `locale`, `keywords`) VALUES ('50', 'title', '0', 'en_us', ' nat geo wild logo white ');
INSERT INTO `craft_searchindex` (`elementId`, `attribute`, `fieldId`, `locale`, `keywords`) VALUES ('51', 'filename', '0', 'en_us', ' twc_white png ');
INSERT INTO `craft_searchindex` (`elementId`, `attribute`, `fieldId`, `locale`, `keywords`) VALUES ('51', 'extension', '0', 'en_us', ' png ');
INSERT INTO `craft_searchindex` (`elementId`, `attribute`, `fieldId`, `locale`, `keywords`) VALUES ('51', 'kind', '0', 'en_us', ' image ');
INSERT INTO `craft_searchindex` (`elementId`, `attribute`, `fieldId`, `locale`, `keywords`) VALUES ('51', 'slug', '0', 'en_us', ' twc white ');
INSERT INTO `craft_searchindex` (`elementId`, `attribute`, `fieldId`, `locale`, `keywords`) VALUES ('51', 'title', '0', 'en_us', ' twc white ');
INSERT INTO `craft_searchindex` (`elementId`, `attribute`, `fieldId`, `locale`, `keywords`) VALUES ('52', 'filename', '0', 'en_us', ' velocity_white png ');
INSERT INTO `craft_searchindex` (`elementId`, `attribute`, `fieldId`, `locale`, `keywords`) VALUES ('52', 'extension', '0', 'en_us', ' png ');
INSERT INTO `craft_searchindex` (`elementId`, `attribute`, `fieldId`, `locale`, `keywords`) VALUES ('52', 'kind', '0', 'en_us', ' image ');
INSERT INTO `craft_searchindex` (`elementId`, `attribute`, `fieldId`, `locale`, `keywords`) VALUES ('52', 'slug', '0', 'en_us', ' velocity white ');
INSERT INTO `craft_searchindex` (`elementId`, `attribute`, `fieldId`, `locale`, `keywords`) VALUES ('52', 'title', '0', 'en_us', ' velocity white ');
INSERT INTO `craft_searchindex` (`elementId`, `attribute`, `fieldId`, `locale`, `keywords`) VALUES ('53', 'field', '12', 'en_us', '');
INSERT INTO `craft_searchindex` (`elementId`, `attribute`, `fieldId`, `locale`, `keywords`) VALUES ('53', 'slug', '0', 'en_us', ' discovery ');
INSERT INTO `craft_searchindex` (`elementId`, `attribute`, `fieldId`, `locale`, `keywords`) VALUES ('53', 'title', '0', 'en_us', ' discovery ');
INSERT INTO `craft_searchindex` (`elementId`, `attribute`, `fieldId`, `locale`, `keywords`) VALUES ('54', 'field', '12', 'en_us', '');
INSERT INTO `craft_searchindex` (`elementId`, `attribute`, `fieldId`, `locale`, `keywords`) VALUES ('54', 'slug', '0', 'en_us', ' the weather channel ');
INSERT INTO `craft_searchindex` (`elementId`, `attribute`, `fieldId`, `locale`, `keywords`) VALUES ('54', 'title', '0', 'en_us', ' the weather channel ');
INSERT INTO `craft_searchindex` (`elementId`, `attribute`, `fieldId`, `locale`, `keywords`) VALUES ('55', 'field', '12', 'en_us', '');
INSERT INTO `craft_searchindex` (`elementId`, `attribute`, `fieldId`, `locale`, `keywords`) VALUES ('55', 'slug', '0', 'en_us', ' nat geo wild ');
INSERT INTO `craft_searchindex` (`elementId`, `attribute`, `fieldId`, `locale`, `keywords`) VALUES ('55', 'title', '0', 'en_us', ' nat geo wild ');
INSERT INTO `craft_searchindex` (`elementId`, `attribute`, `fieldId`, `locale`, `keywords`) VALUES ('56', 'field', '12', 'en_us', '');
INSERT INTO `craft_searchindex` (`elementId`, `attribute`, `fieldId`, `locale`, `keywords`) VALUES ('56', 'slug', '0', 'en_us', ' velocity ');
INSERT INTO `craft_searchindex` (`elementId`, `attribute`, `fieldId`, `locale`, `keywords`) VALUES ('56', 'title', '0', 'en_us', ' velocity ');
INSERT INTO `craft_searchindex` (`elementId`, `attribute`, `fieldId`, `locale`, `keywords`) VALUES ('57', 'field', '12', 'en_us', '');
INSERT INTO `craft_searchindex` (`elementId`, `attribute`, `fieldId`, `locale`, `keywords`) VALUES ('57', 'slug', '0', 'en_us', ' 20th television ');
INSERT INTO `craft_searchindex` (`elementId`, `attribute`, `fieldId`, `locale`, `keywords`) VALUES ('57', 'title', '0', 'en_us', ' 20th television ');
INSERT INTO `craft_searchindex` (`elementId`, `attribute`, `fieldId`, `locale`, `keywords`) VALUES ('58', 'field', '12', 'en_us', '');
INSERT INTO `craft_searchindex` (`elementId`, `attribute`, `fieldId`, `locale`, `keywords`) VALUES ('58', 'slug', '0', 'en_us', ' nbcuniversal television distribution ');
INSERT INTO `craft_searchindex` (`elementId`, `attribute`, `fieldId`, `locale`, `keywords`) VALUES ('58', 'title', '0', 'en_us', ' nbcuniversal television distribution ');
INSERT INTO `craft_searchindex` (`elementId`, `attribute`, `fieldId`, `locale`, `keywords`) VALUES ('30', 'field', '27', 'en_us', ' uproar auditions law and order single victims unit ');
INSERT INTO `craft_searchindex` (`elementId`, `attribute`, `fieldId`, `locale`, `keywords`) VALUES ('30', 'field', '28', 'en_us', '');
INSERT INTO `craft_searchindex` (`elementId`, `attribute`, `fieldId`, `locale`, `keywords`) VALUES ('59', 'filename', '0', 'en_us', ' denizen cave png ');
INSERT INTO `craft_searchindex` (`elementId`, `attribute`, `fieldId`, `locale`, `keywords`) VALUES ('59', 'extension', '0', 'en_us', ' png ');
INSERT INTO `craft_searchindex` (`elementId`, `attribute`, `fieldId`, `locale`, `keywords`) VALUES ('59', 'kind', '0', 'en_us', ' image ');
INSERT INTO `craft_searchindex` (`elementId`, `attribute`, `fieldId`, `locale`, `keywords`) VALUES ('59', 'slug', '0', 'en_us', '');
INSERT INTO `craft_searchindex` (`elementId`, `attribute`, `fieldId`, `locale`, `keywords`) VALUES ('59', 'title', '0', 'en_us', ' denizen cave ');
INSERT INTO `craft_searchindex` (`elementId`, `attribute`, `fieldId`, `locale`, `keywords`) VALUES ('31', 'field', '31', 'en_us', '');



DROP TABLE IF EXISTS `craft_sections`;


--
-- Schema for table `craft_sections`
--
CREATE TABLE `craft_sections` (
  `id` int(11) NOT NULL AUTO_INCREMENT,
  `structureId` int(11) DEFAULT NULL,
  `name` varchar(255) COLLATE utf8_unicode_ci NOT NULL,
  `handle` varchar(255) COLLATE utf8_unicode_ci NOT NULL,
  `type` enum('single','channel','structure') COLLATE utf8_unicode_ci NOT NULL DEFAULT 'channel',
  `hasUrls` tinyint(1) unsigned NOT NULL DEFAULT '1',
  `template` varchar(500) COLLATE utf8_unicode_ci DEFAULT NULL,
  `enableVersioning` tinyint(1) unsigned NOT NULL DEFAULT '0',
  `dateCreated` datetime NOT NULL,
  `dateUpdated` datetime NOT NULL,
  `uid` char(36) COLLATE utf8_unicode_ci NOT NULL DEFAULT '0',
  PRIMARY KEY (`id`),
  UNIQUE KEY `craft_sections_name_unq_idx` (`name`),
  UNIQUE KEY `craft_sections_handle_unq_idx` (`handle`),
  KEY `craft_sections_structureId_fk` (`structureId`)
) ENGINE=InnoDB AUTO_INCREMENT=6 DEFAULT CHARSET=utf8 COLLATE=utf8_unicode_ci;

--
-- Data for table `craft_sections`
--

INSERT INTO `craft_sections` (`id`, `structureId`, `name`, `handle`, `type`, `hasUrls`, `template`, `enableVersioning`, `dateCreated`, `dateUpdated`, `uid`) VALUES ('1', NULL, 'Homepage', 'homepage', 'single', '1', 'index', '1', '2014-04-29 18:07:09', '2014-06-03 23:32:05', '183e3c3c-6fcc-4a37-a333-5d4f0f5f0885');
INSERT INTO `craft_sections` (`id`, `structureId`, `name`, `handle`, `type`, `hasUrls`, `template`, `enableVersioning`, `dateCreated`, `dateUpdated`, `uid`) VALUES ('2', NULL, 'News', 'news', 'channel', '1', 'news/_entry', '1', '2014-04-29 18:07:09', '2014-06-03 23:32:05', '81b0622b-ab7b-4ff7-8fee-55eaf50d23ed');
INSERT INTO `craft_sections` (`id`, `structureId`, `name`, `handle`, `type`, `hasUrls`, `template`, `enableVersioning`, `dateCreated`, `dateUpdated`, `uid`) VALUES ('3', NULL, 'Work', 'work', 'channel', '1', 'work/_entry', '1', '2014-04-29 22:32:18', '2014-06-03 23:32:05', 'c937d4be-e5d6-4ce9-966a-cd9fb041389f');
INSERT INTO `craft_sections` (`id`, `structureId`, `name`, `handle`, `type`, `hasUrls`, `template`, `enableVersioning`, `dateCreated`, `dateUpdated`, `uid`) VALUES ('4', NULL, 'Clients', 'clients', 'channel', '1', 'clients/_entry', '1', '2014-05-04 15:38:42', '2014-06-03 23:32:05', 'dbfc2aab-ee6e-4623-9da7-e56a9e7e0448');
INSERT INTO `craft_sections` (`id`, `structureId`, `name`, `handle`, `type`, `hasUrls`, `template`, `enableVersioning`, `dateCreated`, `dateUpdated`, `uid`) VALUES ('5', NULL, 'Denizens', 'denizens', 'channel', '1', 'denizens/_entry', '1', '2014-05-04 15:50:18', '2014-06-03 23:32:05', 'db3f45ad-8ac6-43f7-accf-c3e974eff45b');



DROP TABLE IF EXISTS `craft_sections_i18n`;


--
-- Schema for table `craft_sections_i18n`
--
CREATE TABLE `craft_sections_i18n` (
  `id` int(11) NOT NULL AUTO_INCREMENT,
  `sectionId` int(11) NOT NULL,
  `locale` char(12) COLLATE utf8_unicode_ci NOT NULL,
  `enabledByDefault` tinyint(1) unsigned NOT NULL DEFAULT '1',
  `urlFormat` varchar(255) COLLATE utf8_unicode_ci DEFAULT NULL,
  `nestedUrlFormat` varchar(255) COLLATE utf8_unicode_ci DEFAULT NULL,
  `dateCreated` datetime NOT NULL,
  `dateUpdated` datetime NOT NULL,
  `uid` char(36) COLLATE utf8_unicode_ci NOT NULL DEFAULT '0',
  PRIMARY KEY (`id`),
  UNIQUE KEY `craft_sections_i18n_sectionId_locale_unq_idx` (`sectionId`,`locale`),
  KEY `craft_sections_i18n_locale_fk` (`locale`)
) ENGINE=InnoDB AUTO_INCREMENT=6 DEFAULT CHARSET=utf8 COLLATE=utf8_unicode_ci;

--
-- Data for table `craft_sections_i18n`
--

INSERT INTO `craft_sections_i18n` (`id`, `sectionId`, `locale`, `enabledByDefault`, `urlFormat`, `nestedUrlFormat`, `dateCreated`, `dateUpdated`, `uid`) VALUES ('1', '1', 'en_us', '1', '__home__', NULL, '2014-04-29 18:07:09', '2014-04-29 18:07:09', '7b5a618a-01ad-4cd5-be31-b9eb0e1868fb');
INSERT INTO `craft_sections_i18n` (`id`, `sectionId`, `locale`, `enabledByDefault`, `urlFormat`, `nestedUrlFormat`, `dateCreated`, `dateUpdated`, `uid`) VALUES ('2', '2', 'en_us', '1', 'news/{postDate.year}/{slug}', NULL, '2014-04-29 18:07:09', '2014-04-29 18:07:09', '5139a49e-9fa2-412d-90ca-62cf6c030b10');
INSERT INTO `craft_sections_i18n` (`id`, `sectionId`, `locale`, `enabledByDefault`, `urlFormat`, `nestedUrlFormat`, `dateCreated`, `dateUpdated`, `uid`) VALUES ('3', '3', 'en_us', '0', 'work/{slug}', NULL, '2014-04-29 22:32:18', '2014-04-29 22:32:18', '36a86136-d179-4da1-84f7-77aea9a11019');
INSERT INTO `craft_sections_i18n` (`id`, `sectionId`, `locale`, `enabledByDefault`, `urlFormat`, `nestedUrlFormat`, `dateCreated`, `dateUpdated`, `uid`) VALUES ('4', '4', 'en_us', '0', 'clients/{slug}', NULL, '2014-05-04 15:38:42', '2014-05-04 15:38:42', '4c1413ba-4ca4-4a8f-8c6b-6036f19db966');
INSERT INTO `craft_sections_i18n` (`id`, `sectionId`, `locale`, `enabledByDefault`, `urlFormat`, `nestedUrlFormat`, `dateCreated`, `dateUpdated`, `uid`) VALUES ('5', '5', 'en_us', '0', 'denizens/{slug}', NULL, '2014-05-04 15:50:18', '2014-05-04 15:50:18', '099713b1-aad6-4f8b-a0c2-11c600a5398f');



DROP TABLE IF EXISTS `craft_sessions`;


--
-- Schema for table `craft_sessions`
--
CREATE TABLE `craft_sessions` (
  `id` int(11) NOT NULL AUTO_INCREMENT,
  `userId` int(11) NOT NULL,
  `token` char(100) COLLATE utf8_unicode_ci NOT NULL,
  `dateCreated` datetime NOT NULL,
  `dateUpdated` datetime NOT NULL,
  `uid` char(36) COLLATE utf8_unicode_ci NOT NULL DEFAULT '0',
  PRIMARY KEY (`id`),
  KEY `craft_sessions_uid_idx` (`uid`),
  KEY `craft_sessions_token_idx` (`token`),
  KEY `craft_sessions_dateUpdated_idx` (`dateUpdated`),
  KEY `craft_sessions_userId_fk` (`userId`)
) ENGINE=InnoDB AUTO_INCREMENT=30 DEFAULT CHARSET=utf8 COLLATE=utf8_unicode_ci;

DROP TABLE IF EXISTS `craft_shunnedmessages`;


--
-- Schema for table `craft_shunnedmessages`
--
CREATE TABLE `craft_shunnedmessages` (
  `id` int(11) NOT NULL AUTO_INCREMENT,
  `userId` int(11) NOT NULL,
  `message` varchar(255) COLLATE utf8_unicode_ci NOT NULL,
  `expiryDate` datetime DEFAULT NULL,
  `dateCreated` datetime NOT NULL,
  `dateUpdated` datetime NOT NULL,
  `uid` char(36) COLLATE utf8_unicode_ci NOT NULL DEFAULT '0',
  PRIMARY KEY (`id`),
  UNIQUE KEY `craft_shunnedmessages_userId_message_unq_idx` (`userId`,`message`)
) ENGINE=InnoDB DEFAULT CHARSET=utf8 COLLATE=utf8_unicode_ci;

DROP TABLE IF EXISTS `craft_structureelements`;


--
-- Schema for table `craft_structureelements`
--
CREATE TABLE `craft_structureelements` (
  `id` int(11) NOT NULL AUTO_INCREMENT,
  `structureId` int(11) NOT NULL,
  `elementId` int(11) DEFAULT NULL,
  `root` int(11) unsigned DEFAULT NULL,
  `lft` int(11) unsigned NOT NULL,
  `rgt` int(11) unsigned NOT NULL,
  `level` smallint(6) unsigned NOT NULL,
  `dateCreated` datetime NOT NULL,
  `dateUpdated` datetime NOT NULL,
  `uid` char(36) COLLATE utf8_unicode_ci NOT NULL DEFAULT '0',
  PRIMARY KEY (`id`),
  UNIQUE KEY `craft_structureelements_structureId_elementId_unq_idx` (`structureId`,`elementId`),
  KEY `craft_structureelements_root_idx` (`root`),
  KEY `craft_structureelements_lft_idx` (`lft`),
  KEY `craft_structureelements_rgt_idx` (`rgt`),
  KEY `craft_structureelements_level_idx` (`level`),
  KEY `craft_structureelements_elementId_fk` (`elementId`)
) ENGINE=InnoDB DEFAULT CHARSET=utf8 COLLATE=utf8_unicode_ci;

DROP TABLE IF EXISTS `craft_structures`;


--
-- Schema for table `craft_structures`
--
CREATE TABLE `craft_structures` (
  `id` int(11) NOT NULL AUTO_INCREMENT,
  `maxLevels` smallint(6) unsigned DEFAULT NULL,
  `movePermission` varchar(255) COLLATE utf8_unicode_ci DEFAULT NULL,
  `dateCreated` datetime NOT NULL,
  `dateUpdated` datetime NOT NULL,
  `uid` char(36) COLLATE utf8_unicode_ci NOT NULL DEFAULT '0',
  PRIMARY KEY (`id`)
) ENGINE=InnoDB DEFAULT CHARSET=utf8 COLLATE=utf8_unicode_ci;

DROP TABLE IF EXISTS `craft_systemsettings`;


--
-- Schema for table `craft_systemsettings`
--
CREATE TABLE `craft_systemsettings` (
  `id` int(11) NOT NULL AUTO_INCREMENT,
  `category` varchar(15) COLLATE utf8_unicode_ci NOT NULL,
  `settings` text COLLATE utf8_unicode_ci,
  `dateCreated` datetime NOT NULL,
  `dateUpdated` datetime NOT NULL,
  `uid` char(36) COLLATE utf8_unicode_ci NOT NULL DEFAULT '0',
  PRIMARY KEY (`id`),
  UNIQUE KEY `craft_systemsettings_category_unq_idx` (`category`)
) ENGINE=InnoDB AUTO_INCREMENT=2 DEFAULT CHARSET=utf8 COLLATE=utf8_unicode_ci;

--
-- Data for table `craft_systemsettings`
--

INSERT INTO `craft_systemsettings` (`id`, `category`, `settings`, `dateCreated`, `dateUpdated`, `uid`) VALUES ('1', 'email', '{\"protocol\":\"php\",\"emailAddress\":\"bcfeeney@gmail.com\",\"senderName\":\"Denizen\"}', '2014-04-29 18:07:08', '2014-04-29 18:07:08', '9048789d-7f6c-436c-8514-469180f1012d');



DROP TABLE IF EXISTS `craft_taggroups`;


--
-- Schema for table `craft_taggroups`
--
CREATE TABLE `craft_taggroups` (
  `id` int(11) NOT NULL AUTO_INCREMENT,
  `name` varchar(255) COLLATE utf8_unicode_ci NOT NULL,
  `handle` varchar(255) COLLATE utf8_unicode_ci NOT NULL,
  `fieldLayoutId` int(10) DEFAULT NULL,
  `dateCreated` datetime NOT NULL,
  `dateUpdated` datetime NOT NULL,
  `uid` char(36) COLLATE utf8_unicode_ci NOT NULL DEFAULT '0',
  PRIMARY KEY (`id`),
  UNIQUE KEY `craft_taggroups_name_unq_idx` (`name`),
  UNIQUE KEY `craft_taggroups_handle_unq_idx` (`handle`),
  KEY `craft_taggroups_fieldLayoutId_fk` (`fieldLayoutId`)
) ENGINE=InnoDB AUTO_INCREMENT=2 DEFAULT CHARSET=utf8 COLLATE=utf8_unicode_ci;

--
-- Data for table `craft_taggroups`
--

INSERT INTO `craft_taggroups` (`id`, `name`, `handle`, `fieldLayoutId`, `dateCreated`, `dateUpdated`, `uid`) VALUES ('1', 'Default', 'default', '1', '2014-04-29 18:07:08', '2014-04-29 18:07:08', '10c4c664-0651-4a2a-b92e-04c5100997c6');



DROP TABLE IF EXISTS `craft_tags`;


--
-- Schema for table `craft_tags`
--
CREATE TABLE `craft_tags` (
  `id` int(11) NOT NULL,
  `groupId` int(11) NOT NULL,
  `name` varchar(255) COLLATE utf8_unicode_ci NOT NULL,
  `dateCreated` datetime NOT NULL,
  `dateUpdated` datetime NOT NULL,
  `uid` char(36) COLLATE utf8_unicode_ci NOT NULL DEFAULT '0',
  PRIMARY KEY (`id`),
  UNIQUE KEY `craft_tags_name_groupId_unq_idx` (`name`,`groupId`),
  KEY `craft_tags_groupId_fk` (`groupId`)
) ENGINE=InnoDB DEFAULT CHARSET=utf8 COLLATE=utf8_unicode_ci;

DROP TABLE IF EXISTS `craft_tasks`;


--
-- Schema for table `craft_tasks`
--
CREATE TABLE `craft_tasks` (
  `id` int(11) NOT NULL AUTO_INCREMENT,
  `root` int(11) unsigned DEFAULT NULL,
  `lft` int(11) unsigned NOT NULL,
  `rgt` int(11) unsigned NOT NULL,
  `level` smallint(6) unsigned NOT NULL,
  `currentStep` int(11) unsigned DEFAULT NULL,
  `totalSteps` int(11) unsigned DEFAULT NULL,
  `status` enum('pending','error','running') COLLATE utf8_unicode_ci DEFAULT NULL,
  `type` varchar(150) COLLATE utf8_unicode_ci NOT NULL,
  `description` varchar(255) COLLATE utf8_unicode_ci DEFAULT NULL,
  `settings` text COLLATE utf8_unicode_ci,
  `dateCreated` datetime NOT NULL,
  `dateUpdated` datetime NOT NULL,
  `uid` char(36) COLLATE utf8_unicode_ci NOT NULL DEFAULT '0',
  PRIMARY KEY (`id`),
  KEY `craft_tasks_root_idx` (`root`),
  KEY `craft_tasks_lft_idx` (`lft`),
  KEY `craft_tasks_rgt_idx` (`rgt`),
  KEY `craft_tasks_level_idx` (`level`)
) ENGINE=InnoDB DEFAULT CHARSET=utf8 COLLATE=utf8_unicode_ci;

DROP TABLE IF EXISTS `craft_templatecachecriteria`;


--
-- Schema for table `craft_templatecachecriteria`
--
CREATE TABLE `craft_templatecachecriteria` (
  `id` int(11) NOT NULL AUTO_INCREMENT,
  `cacheId` int(11) NOT NULL,
  `type` varchar(150) COLLATE utf8_unicode_ci NOT NULL,
  `criteria` text COLLATE utf8_unicode_ci NOT NULL,
  PRIMARY KEY (`id`),
  KEY `craft_templatecachecriteria_cacheId_fk` (`cacheId`),
  KEY `craft_templatecachecriteria_type_idx` (`type`)
) ENGINE=InnoDB DEFAULT CHARSET=utf8 COLLATE=utf8_unicode_ci;

DROP TABLE IF EXISTS `craft_templatecacheelements`;


--
-- Schema for table `craft_templatecacheelements`
--
CREATE TABLE `craft_templatecacheelements` (
  `cacheId` int(11) NOT NULL,
  `elementId` int(11) NOT NULL,
  KEY `craft_templatecacheelements_cacheId_fk` (`cacheId`),
  KEY `craft_templatecacheelements_elementId_fk` (`elementId`)
) ENGINE=InnoDB DEFAULT CHARSET=utf8 COLLATE=utf8_unicode_ci;

DROP TABLE IF EXISTS `craft_templatecaches`;


--
-- Schema for table `craft_templatecaches`
--
CREATE TABLE `craft_templatecaches` (
  `id` int(11) NOT NULL AUTO_INCREMENT,
  `cacheKey` varchar(36) COLLATE utf8_unicode_ci NOT NULL,
  `locale` char(12) COLLATE utf8_unicode_ci NOT NULL,
  `path` varchar(255) COLLATE utf8_unicode_ci DEFAULT NULL,
  `expiryDate` datetime NOT NULL,
  `body` mediumtext COLLATE utf8_unicode_ci NOT NULL,
  PRIMARY KEY (`id`),
  KEY `craft_templatecaches_expiryDate_cacheKey_locale_path_idx` (`expiryDate`,`cacheKey`,`locale`,`path`),
  KEY `craft_templatecaches_locale_fk` (`locale`)
) ENGINE=InnoDB DEFAULT CHARSET=utf8 COLLATE=utf8_unicode_ci;

DROP TABLE IF EXISTS `craft_tokens`;


--
-- Schema for table `craft_tokens`
--
CREATE TABLE `craft_tokens` (
  `id` int(11) NOT NULL AUTO_INCREMENT,
  `token` char(32) COLLATE utf8_unicode_ci NOT NULL,
  `route` text COLLATE utf8_unicode_ci,
  `usageLimit` tinyint(3) unsigned DEFAULT NULL,
  `usageCount` tinyint(3) unsigned DEFAULT NULL,
  `expiryDate` datetime NOT NULL,
  `dateCreated` datetime NOT NULL,
  `dateUpdated` datetime NOT NULL,
  `uid` char(36) COLLATE utf8_unicode_ci NOT NULL DEFAULT '0',
  PRIMARY KEY (`id`),
  UNIQUE KEY `craft_tokens_token_unq_idx` (`token`),
  KEY `craft_tokens_expiryDate_idx` (`expiryDate`)
) ENGINE=InnoDB DEFAULT CHARSET=utf8 COLLATE=utf8_unicode_ci;

DROP TABLE IF EXISTS `craft_usergroups`;


--
-- Schema for table `craft_usergroups`
--
CREATE TABLE `craft_usergroups` (
  `id` int(11) NOT NULL AUTO_INCREMENT,
  `name` varchar(255) COLLATE utf8_unicode_ci NOT NULL,
  `handle` varchar(255) COLLATE utf8_unicode_ci NOT NULL,
  `dateCreated` datetime NOT NULL,
  `dateUpdated` datetime NOT NULL,
  `uid` char(36) COLLATE utf8_unicode_ci NOT NULL DEFAULT '0',
  PRIMARY KEY (`id`)
) ENGINE=InnoDB DEFAULT CHARSET=utf8 COLLATE=utf8_unicode_ci;

DROP TABLE IF EXISTS `craft_usergroups_users`;


--
-- Schema for table `craft_usergroups_users`
--
CREATE TABLE `craft_usergroups_users` (
  `id` int(11) NOT NULL AUTO_INCREMENT,
  `groupId` int(11) NOT NULL,
  `userId` int(11) NOT NULL,
  `dateCreated` datetime NOT NULL,
  `dateUpdated` datetime NOT NULL,
  `uid` char(36) COLLATE utf8_unicode_ci NOT NULL DEFAULT '0',
  PRIMARY KEY (`id`),
  UNIQUE KEY `craft_usergroups_users_groupId_userId_unq_idx` (`groupId`,`userId`),
  KEY `craft_usergroups_users_userId_fk` (`userId`)
) ENGINE=InnoDB DEFAULT CHARSET=utf8 COLLATE=utf8_unicode_ci;

DROP TABLE IF EXISTS `craft_userpermissions`;


--
-- Schema for table `craft_userpermissions`
--
CREATE TABLE `craft_userpermissions` (
  `id` int(11) NOT NULL AUTO_INCREMENT,
  `name` varchar(255) COLLATE utf8_unicode_ci NOT NULL,
  `dateCreated` datetime NOT NULL,
  `dateUpdated` datetime NOT NULL,
  `uid` char(36) COLLATE utf8_unicode_ci NOT NULL DEFAULT '0',
  PRIMARY KEY (`id`),
  UNIQUE KEY `craft_userpermissions_name_unq_idx` (`name`)
) ENGINE=InnoDB DEFAULT CHARSET=utf8 COLLATE=utf8_unicode_ci;

DROP TABLE IF EXISTS `craft_userpermissions_usergroups`;


--
-- Schema for table `craft_userpermissions_usergroups`
--
CREATE TABLE `craft_userpermissions_usergroups` (
  `id` int(11) NOT NULL AUTO_INCREMENT,
  `permissionId` int(11) NOT NULL,
  `groupId` int(11) NOT NULL,
  `dateCreated` datetime NOT NULL,
  `dateUpdated` datetime NOT NULL,
  `uid` char(36) COLLATE utf8_unicode_ci NOT NULL DEFAULT '0',
  PRIMARY KEY (`id`),
  UNIQUE KEY `craft_userpermissions_usergroups_permissionId_groupId_unq_idx` (`permissionId`,`groupId`),
  KEY `craft_userpermissions_usergroups_groupId_fk` (`groupId`)
) ENGINE=InnoDB DEFAULT CHARSET=utf8 COLLATE=utf8_unicode_ci;

DROP TABLE IF EXISTS `craft_userpermissions_users`;


--
-- Schema for table `craft_userpermissions_users`
--
CREATE TABLE `craft_userpermissions_users` (
  `id` int(11) NOT NULL AUTO_INCREMENT,
  `permissionId` int(11) NOT NULL,
  `userId` int(11) NOT NULL,
  `dateCreated` datetime NOT NULL,
  `dateUpdated` datetime NOT NULL,
  `uid` char(36) COLLATE utf8_unicode_ci NOT NULL DEFAULT '0',
  PRIMARY KEY (`id`),
  UNIQUE KEY `craft_userpermissions_users_permissionId_userId_unq_idx` (`permissionId`,`userId`),
  KEY `craft_userpermissions_users_userId_fk` (`userId`)
) ENGINE=InnoDB DEFAULT CHARSET=utf8 COLLATE=utf8_unicode_ci;

DROP TABLE IF EXISTS `craft_users`;


--
-- Schema for table `craft_users`
--
CREATE TABLE `craft_users` (
  `id` int(11) NOT NULL,
  `username` varchar(100) COLLATE utf8_unicode_ci NOT NULL,
  `photo` varchar(50) COLLATE utf8_unicode_ci DEFAULT NULL,
  `firstName` varchar(100) COLLATE utf8_unicode_ci DEFAULT NULL,
  `lastName` varchar(100) COLLATE utf8_unicode_ci DEFAULT NULL,
  `email` varchar(255) COLLATE utf8_unicode_ci NOT NULL,
  `password` char(255) COLLATE utf8_unicode_ci DEFAULT NULL,
  `preferredLocale` char(12) COLLATE utf8_unicode_ci DEFAULT NULL,
  `admin` tinyint(1) unsigned NOT NULL DEFAULT '0',
  `client` tinyint(1) unsigned NOT NULL DEFAULT '0',
  `status` enum('active','locked','suspended','pending','archived') COLLATE utf8_unicode_ci DEFAULT 'pending',
  `lastLoginDate` datetime DEFAULT NULL,
  `lastLoginAttemptIPAddress` varchar(45) COLLATE utf8_unicode_ci DEFAULT NULL,
  `invalidLoginWindowStart` datetime DEFAULT NULL,
  `invalidLoginCount` tinyint(4) unsigned DEFAULT NULL,
  `lastInvalidLoginDate` datetime DEFAULT NULL,
  `lockoutDate` datetime DEFAULT NULL,
  `verificationCode` char(100) COLLATE utf8_unicode_ci DEFAULT NULL,
  `verificationCodeIssuedDate` datetime DEFAULT NULL,
  `unverifiedEmail` varchar(255) COLLATE utf8_unicode_ci DEFAULT NULL,
  `passwordResetRequired` tinyint(1) unsigned NOT NULL DEFAULT '0',
  `lastPasswordChangeDate` datetime DEFAULT NULL,
  `dateCreated` datetime NOT NULL,
  `dateUpdated` datetime NOT NULL,
  `uid` char(36) COLLATE utf8_unicode_ci NOT NULL DEFAULT '0',
  PRIMARY KEY (`id`),
  UNIQUE KEY `craft_users_username_unq_idx` (`username`),
  UNIQUE KEY `craft_users_email_unq_idx` (`email`),
  KEY `craft_users_verificationCode_idx` (`verificationCode`),
  KEY `craft_users_uid_idx` (`uid`),
  KEY `craft_users_preferredLocale_fk` (`preferredLocale`)
) ENGINE=InnoDB DEFAULT CHARSET=utf8 COLLATE=utf8_unicode_ci;

--
-- Data for table `craft_users`
--

INSERT INTO `craft_users` (`id`, `username`, `photo`, `firstName`, `lastName`, `email`, `password`, `preferredLocale`, `admin`, `client`, `status`, `lastLoginDate`, `lastLoginAttemptIPAddress`, `invalidLoginWindowStart`, `invalidLoginCount`, `lastInvalidLoginDate`, `lockoutDate`, `verificationCode`, `verificationCodeIssuedDate`, `unverifiedEmail`, `passwordResetRequired`, `lastPasswordChangeDate`, `dateCreated`, `dateUpdated`, `uid`) VALUES ('1', 'Brian', NULL, 'Brian', 'Feeney', 'bcfeeney@gmail.com', '$2a$13$NsI8NRSeqRD6US78j88QMuSb4eNQ1oKb43VGNSDr19UCx1iX66wAu', NULL, '1', '0', 'active', '2015-03-12 12:49:21', '127.0.0.1', NULL, NULL, NULL, NULL, NULL, NULL, NULL, '0', '2014-05-16 03:24:55', '2014-04-29 18:07:05', '2015-03-12 12:49:21', '3f94beab-9616-4b07-bda5-f0a5d58de351');



DROP TABLE IF EXISTS `craft_widgets`;


--
-- Schema for table `craft_widgets`
--
CREATE TABLE `craft_widgets` (
  `id` int(11) NOT NULL AUTO_INCREMENT,
  `userId` int(11) NOT NULL,
  `type` varchar(150) COLLATE utf8_unicode_ci NOT NULL,
  `sortOrder` tinyint(4) DEFAULT NULL,
  `settings` text COLLATE utf8_unicode_ci,
  `enabled` tinyint(1) unsigned NOT NULL DEFAULT '1',
  `dateCreated` datetime NOT NULL,
  `dateUpdated` datetime NOT NULL,
  `uid` char(36) COLLATE utf8_unicode_ci NOT NULL DEFAULT '0',
  PRIMARY KEY (`id`),
  KEY `craft_widgets_userId_fk` (`userId`)
) ENGINE=InnoDB AUTO_INCREMENT=6 DEFAULT CHARSET=utf8 COLLATE=utf8_unicode_ci;

--
-- Data for table `craft_widgets`
--

INSERT INTO `craft_widgets` (`id`, `userId`, `type`, `sortOrder`, `settings`, `enabled`, `dateCreated`, `dateUpdated`, `uid`) VALUES ('1', '1', 'QuickPost', '1', '{\"section\":\"2\"}', '0', '2014-04-29 18:07:19', '2014-05-04 16:07:15', 'dea68fa2-e81b-40d0-900f-a4927c252891');
INSERT INTO `craft_widgets` (`id`, `userId`, `type`, `sortOrder`, `settings`, `enabled`, `dateCreated`, `dateUpdated`, `uid`) VALUES ('2', '1', 'RecentEntries', '2', NULL, '1', '2014-04-29 18:07:19', '2014-04-29 18:07:19', 'acbba27f-417c-4af7-b498-3a32cf1cc7de');
INSERT INTO `craft_widgets` (`id`, `userId`, `type`, `sortOrder`, `settings`, `enabled`, `dateCreated`, `dateUpdated`, `uid`) VALUES ('3', '1', 'GetHelp', '3', NULL, '1', '2014-04-29 18:07:19', '2014-04-29 18:07:19', '1f267265-18cd-49c9-b51a-cbce6af92d8c');
INSERT INTO `craft_widgets` (`id`, `userId`, `type`, `sortOrder`, `settings`, `enabled`, `dateCreated`, `dateUpdated`, `uid`) VALUES ('4', '1', 'Updates', '4', NULL, '1', '2014-04-29 18:07:19', '2014-04-29 18:07:19', '484d6c9a-b065-400a-bed9-e71234a6083d');
INSERT INTO `craft_widgets` (`id`, `userId`, `type`, `sortOrder`, `settings`, `enabled`, `dateCreated`, `dateUpdated`, `uid`) VALUES ('5', '1', 'Feed', '5', '{\"url\":\"http:\\/\\/feeds.feedburner.com\\/blogandtonic\",\"title\":\"Blog & Tonic\"}', '0', '2014-04-29 18:07:19', '2014-05-04 16:07:23', 'c6558be2-69c0-4010-bd16-e34672bd66c9');


--
-- Constraints for tables
--


--
-- Constraints for table `craft_assetfiles`
--
ALTER TABLE `craft_assetfiles`
	ADD CONSTRAINT `craft_assetfiles_folderId_fk` FOREIGN KEY (`folderId`) REFERENCES `craft_assetfolders` (`id`) ON DELETE CASCADE,
	ADD CONSTRAINT `craft_assetfiles_id_fk` FOREIGN KEY (`id`) REFERENCES `craft_elements` (`id`) ON DELETE CASCADE,
	ADD CONSTRAINT `craft_assetfiles_sourceId_fk` FOREIGN KEY (`sourceId`) REFERENCES `craft_assetsources` (`id`) ON DELETE CASCADE;

--
-- Constraints for table `craft_assetfolders`
--
ALTER TABLE `craft_assetfolders`
	ADD CONSTRAINT `craft_assetfolders_parentId_fk` FOREIGN KEY (`parentId`) REFERENCES `craft_assetfolders` (`id`) ON DELETE CASCADE,
	ADD CONSTRAINT `craft_assetfolders_sourceId_fk` FOREIGN KEY (`sourceId`) REFERENCES `craft_assetsources` (`id`) ON DELETE CASCADE;

--
-- Constraints for table `craft_assetindexdata`
--
ALTER TABLE `craft_assetindexdata`
	ADD CONSTRAINT `craft_assetindexdata_sourceId_fk` FOREIGN KEY (`sourceId`) REFERENCES `craft_assetsources` (`id`) ON DELETE CASCADE;

--
-- Constraints for table `craft_assetsources`
--
ALTER TABLE `craft_assetsources`
	ADD CONSTRAINT `craft_assetsources_fieldLayoutId_fk` FOREIGN KEY (`fieldLayoutId`) REFERENCES `craft_fieldlayouts` (`id`) ON DELETE SET NULL;

--
-- Constraints for table `craft_categories`
--
ALTER TABLE `craft_categories`
	ADD CONSTRAINT `craft_categories_groupId_fk` FOREIGN KEY (`groupId`) REFERENCES `craft_categorygroups` (`id`) ON DELETE CASCADE,
	ADD CONSTRAINT `craft_categories_id_fk` FOREIGN KEY (`id`) REFERENCES `craft_elements` (`id`) ON DELETE CASCADE;

--
-- Constraints for table `craft_categorygroups`
--
ALTER TABLE `craft_categorygroups`
	ADD CONSTRAINT `craft_categorygroups_fieldLayoutId_fk` FOREIGN KEY (`fieldLayoutId`) REFERENCES `craft_fieldlayouts` (`id`) ON DELETE SET NULL,
	ADD CONSTRAINT `craft_categorygroups_structureId_fk` FOREIGN KEY (`structureId`) REFERENCES `craft_structures` (`id`) ON DELETE CASCADE;

--
-- Constraints for table `craft_categorygroups_i18n`
--
ALTER TABLE `craft_categorygroups_i18n`
	ADD CONSTRAINT `craft_categorygroups_i18n_groupId_fk` FOREIGN KEY (`groupId`) REFERENCES `craft_categorygroups` (`id`) ON DELETE CASCADE,
	ADD CONSTRAINT `craft_categorygroups_i18n_locale_fk` FOREIGN KEY (`locale`) REFERENCES `craft_locales` (`locale`) ON DELETE CASCADE ON UPDATE CASCADE;

--
-- Constraints for table `craft_content`
--
ALTER TABLE `craft_content`
	ADD CONSTRAINT `craft_content_elementId_fk` FOREIGN KEY (`elementId`) REFERENCES `craft_elements` (`id`) ON DELETE CASCADE,
	ADD CONSTRAINT `craft_content_locale_fk` FOREIGN KEY (`locale`) REFERENCES `craft_locales` (`locale`) ON DELETE CASCADE ON UPDATE CASCADE;

--
-- Constraints for table `craft_elements_i18n`
--
ALTER TABLE `craft_elements_i18n`
	ADD CONSTRAINT `craft_elements_i18n_elementId_fk` FOREIGN KEY (`elementId`) REFERENCES `craft_elements` (`id`) ON DELETE CASCADE,
	ADD CONSTRAINT `craft_elements_i18n_locale_fk` FOREIGN KEY (`locale`) REFERENCES `craft_locales` (`locale`) ON DELETE CASCADE ON UPDATE CASCADE;

--
-- Constraints for table `craft_emailmessages`
--
ALTER TABLE `craft_emailmessages`
	ADD CONSTRAINT `craft_emailmessages_locale_fk` FOREIGN KEY (`locale`) REFERENCES `craft_locales` (`locale`) ON DELETE CASCADE ON UPDATE CASCADE;

--
-- Constraints for table `craft_entries`
--
ALTER TABLE `craft_entries`
	ADD CONSTRAINT `craft_entries_authorId_fk` FOREIGN KEY (`authorId`) REFERENCES `craft_users` (`id`) ON DELETE CASCADE,
	ADD CONSTRAINT `craft_entries_id_fk` FOREIGN KEY (`id`) REFERENCES `craft_elements` (`id`) ON DELETE CASCADE,
	ADD CONSTRAINT `craft_entries_sectionId_fk` FOREIGN KEY (`sectionId`) REFERENCES `craft_sections` (`id`) ON DELETE CASCADE,
	ADD CONSTRAINT `craft_entries_typeId_fk` FOREIGN KEY (`typeId`) REFERENCES `craft_entrytypes` (`id`) ON DELETE CASCADE;

--
-- Constraints for table `craft_entrydrafts`
--
ALTER TABLE `craft_entrydrafts`
	ADD CONSTRAINT `craft_entrydrafts_creatorId_fk` FOREIGN KEY (`creatorId`) REFERENCES `craft_users` (`id`) ON DELETE CASCADE,
	ADD CONSTRAINT `craft_entrydrafts_entryId_fk` FOREIGN KEY (`entryId`) REFERENCES `craft_entries` (`id`) ON DELETE CASCADE,
	ADD CONSTRAINT `craft_entrydrafts_locale_fk` FOREIGN KEY (`locale`) REFERENCES `craft_locales` (`locale`) ON DELETE CASCADE ON UPDATE CASCADE,
	ADD CONSTRAINT `craft_entrydrafts_sectionId_fk` FOREIGN KEY (`sectionId`) REFERENCES `craft_sections` (`id`) ON DELETE CASCADE;

--
-- Constraints for table `craft_entrytypes`
--
ALTER TABLE `craft_entrytypes`
	ADD CONSTRAINT `craft_entrytypes_fieldLayoutId_fk` FOREIGN KEY (`fieldLayoutId`) REFERENCES `craft_fieldlayouts` (`id`) ON DELETE SET NULL,
	ADD CONSTRAINT `craft_entrytypes_sectionId_fk` FOREIGN KEY (`sectionId`) REFERENCES `craft_sections` (`id`) ON DELETE CASCADE;

--
-- Constraints for table `craft_entryversions`
--
ALTER TABLE `craft_entryversions`
	ADD CONSTRAINT `craft_entryversions_creatorId_fk` FOREIGN KEY (`creatorId`) REFERENCES `craft_users` (`id`) ON DELETE SET NULL,
	ADD CONSTRAINT `craft_entryversions_entryId_fk` FOREIGN KEY (`entryId`) REFERENCES `craft_entries` (`id`) ON DELETE CASCADE,
	ADD CONSTRAINT `craft_entryversions_locale_fk` FOREIGN KEY (`locale`) REFERENCES `craft_locales` (`locale`) ON DELETE CASCADE ON UPDATE CASCADE,
	ADD CONSTRAINT `craft_entryversions_sectionId_fk` FOREIGN KEY (`sectionId`) REFERENCES `craft_sections` (`id`) ON DELETE CASCADE;

--
-- Constraints for table `craft_fieldlayoutfields`
--
ALTER TABLE `craft_fieldlayoutfields`
	ADD CONSTRAINT `craft_fieldlayoutfields_fieldId_fk` FOREIGN KEY (`fieldId`) REFERENCES `craft_fields` (`id`) ON DELETE CASCADE,
	ADD CONSTRAINT `craft_fieldlayoutfields_layoutId_fk` FOREIGN KEY (`layoutId`) REFERENCES `craft_fieldlayouts` (`id`) ON DELETE CASCADE,
	ADD CONSTRAINT `craft_fieldlayoutfields_tabId_fk` FOREIGN KEY (`tabId`) REFERENCES `craft_fieldlayouttabs` (`id`) ON DELETE CASCADE;

--
-- Constraints for table `craft_fieldlayouttabs`
--
ALTER TABLE `craft_fieldlayouttabs`
	ADD CONSTRAINT `craft_fieldlayouttabs_layoutId_fk` FOREIGN KEY (`layoutId`) REFERENCES `craft_fieldlayouts` (`id`) ON DELETE CASCADE;

--
-- Constraints for table `craft_fields`
--
ALTER TABLE `craft_fields`
	ADD CONSTRAINT `craft_fields_groupId_fk` FOREIGN KEY (`groupId`) REFERENCES `craft_fieldgroups` (`id`) ON DELETE CASCADE;

--
-- Constraints for table `craft_globalsets`
--
ALTER TABLE `craft_globalsets`
	ADD CONSTRAINT `craft_globalsets_fieldLayoutId_fk` FOREIGN KEY (`fieldLayoutId`) REFERENCES `craft_fieldlayouts` (`id`) ON DELETE SET NULL,
	ADD CONSTRAINT `craft_globalsets_id_fk` FOREIGN KEY (`id`) REFERENCES `craft_elements` (`id`) ON DELETE CASCADE;

--
-- Constraints for table `craft_matrixblocks`
--
ALTER TABLE `craft_matrixblocks`
	ADD CONSTRAINT `craft_matrixblocks_fieldId_fk` FOREIGN KEY (`fieldId`) REFERENCES `craft_fields` (`id`) ON DELETE CASCADE,
	ADD CONSTRAINT `craft_matrixblocks_id_fk` FOREIGN KEY (`id`) REFERENCES `craft_elements` (`id`) ON DELETE CASCADE,
	ADD CONSTRAINT `craft_matrixblocks_ownerId_fk` FOREIGN KEY (`ownerId`) REFERENCES `craft_elements` (`id`) ON DELETE CASCADE,
	ADD CONSTRAINT `craft_matrixblocks_ownerLocale_fk` FOREIGN KEY (`ownerLocale`) REFERENCES `craft_locales` (`locale`) ON DELETE CASCADE ON UPDATE CASCADE,
	ADD CONSTRAINT `craft_matrixblocks_typeId_fk` FOREIGN KEY (`typeId`) REFERENCES `craft_matrixblocktypes` (`id`) ON DELETE CASCADE;

--
-- Constraints for table `craft_matrixblocktypes`
--
ALTER TABLE `craft_matrixblocktypes`
	ADD CONSTRAINT `craft_matrixblocktypes_fieldId_fk` FOREIGN KEY (`fieldId`) REFERENCES `craft_fields` (`id`) ON DELETE CASCADE,
	ADD CONSTRAINT `craft_matrixblocktypes_fieldLayoutId_fk` FOREIGN KEY (`fieldLayoutId`) REFERENCES `craft_fieldlayouts` (`id`) ON DELETE SET NULL;

--
-- Constraints for table `craft_matrixcontent_mainbackgroundvideo`
--
ALTER TABLE `craft_matrixcontent_mainbackgroundvideo`
	ADD CONSTRAINT `craft_matrixcontent_mainbackgroundvideo_elementId_fk` FOREIGN KEY (`elementId`) REFERENCES `craft_elements` (`id`) ON DELETE CASCADE,
	ADD CONSTRAINT `craft_matrixcontent_mainbackgroundvideo_locale_fk` FOREIGN KEY (`locale`) REFERENCES `craft_locales` (`locale`) ON DELETE CASCADE ON UPDATE CASCADE;

--
-- Constraints for table `craft_matrixcontent_videogridplus`
--
ALTER TABLE `craft_matrixcontent_videogridplus`
	ADD CONSTRAINT `craft_matrixcontent_videogridplus_elementId_fk` FOREIGN KEY (`elementId`) REFERENCES `craft_elements` (`id`) ON DELETE CASCADE,
	ADD CONSTRAINT `craft_matrixcontent_videogridplus_locale_fk` FOREIGN KEY (`locale`) REFERENCES `craft_locales` (`locale`) ON DELETE CASCADE ON UPDATE CASCADE;

--
-- Constraints for table `craft_migrations`
--
ALTER TABLE `craft_migrations`
	ADD CONSTRAINT `craft_migrations_pluginId_fk` FOREIGN KEY (`pluginId`) REFERENCES `craft_plugins` (`id`) ON DELETE CASCADE;

--
-- Constraints for table `craft_relations`
--
ALTER TABLE `craft_relations`
	ADD CONSTRAINT `craft_relations_fieldId_fk` FOREIGN KEY (`fieldId`) REFERENCES `craft_fields` (`id`) ON DELETE CASCADE,
	ADD CONSTRAINT `craft_relations_sourceId_fk` FOREIGN KEY (`sourceId`) REFERENCES `craft_elements` (`id`) ON DELETE CASCADE,
	ADD CONSTRAINT `craft_relations_sourceLocale_fk` FOREIGN KEY (`sourceLocale`) REFERENCES `craft_locales` (`locale`) ON DELETE CASCADE ON UPDATE CASCADE,
	ADD CONSTRAINT `craft_relations_targetId_fk` FOREIGN KEY (`targetId`) REFERENCES `craft_elements` (`id`) ON DELETE CASCADE;

--
-- Constraints for table `craft_routes`
--
ALTER TABLE `craft_routes`
	ADD CONSTRAINT `craft_routes_locale_fk` FOREIGN KEY (`locale`) REFERENCES `craft_locales` (`locale`) ON DELETE CASCADE ON UPDATE CASCADE;

--
-- Constraints for table `craft_sections`
--
ALTER TABLE `craft_sections`
	ADD CONSTRAINT `craft_sections_structureId_fk` FOREIGN KEY (`structureId`) REFERENCES `craft_structures` (`id`) ON DELETE SET NULL;

--
-- Constraints for table `craft_sections_i18n`
--
ALTER TABLE `craft_sections_i18n`
	ADD CONSTRAINT `craft_sections_i18n_locale_fk` FOREIGN KEY (`locale`) REFERENCES `craft_locales` (`locale`) ON DELETE CASCADE ON UPDATE CASCADE,
	ADD CONSTRAINT `craft_sections_i18n_sectionId_fk` FOREIGN KEY (`sectionId`) REFERENCES `craft_sections` (`id`) ON DELETE CASCADE;

--
-- Constraints for table `craft_sessions`
--
ALTER TABLE `craft_sessions`
	ADD CONSTRAINT `craft_sessions_userId_fk` FOREIGN KEY (`userId`) REFERENCES `craft_users` (`id`) ON DELETE CASCADE;

--
-- Constraints for table `craft_shunnedmessages`
--
ALTER TABLE `craft_shunnedmessages`
	ADD CONSTRAINT `craft_shunnedmessages_userId_fk` FOREIGN KEY (`userId`) REFERENCES `craft_users` (`id`) ON DELETE CASCADE;

--
-- Constraints for table `craft_structureelements`
--
ALTER TABLE `craft_structureelements`
	ADD CONSTRAINT `craft_structureelements_elementId_fk` FOREIGN KEY (`elementId`) REFERENCES `craft_elements` (`id`) ON DELETE CASCADE,
	ADD CONSTRAINT `craft_structureelements_structureId_fk` FOREIGN KEY (`structureId`) REFERENCES `craft_structures` (`id`) ON DELETE CASCADE;

--
-- Constraints for table `craft_taggroups`
--
ALTER TABLE `craft_taggroups`
	ADD CONSTRAINT `craft_taggroups_fieldLayoutId_fk` FOREIGN KEY (`fieldLayoutId`) REFERENCES `craft_fieldlayouts` (`id`) ON DELETE SET NULL;

--
-- Constraints for table `craft_tags`
--
ALTER TABLE `craft_tags`
	ADD CONSTRAINT `craft_tags_groupId_fk` FOREIGN KEY (`groupId`) REFERENCES `craft_taggroups` (`id`) ON DELETE CASCADE,
	ADD CONSTRAINT `craft_tags_id_fk` FOREIGN KEY (`id`) REFERENCES `craft_elements` (`id`) ON DELETE CASCADE;

--
-- Constraints for table `craft_templatecachecriteria`
--
ALTER TABLE `craft_templatecachecriteria`
	ADD CONSTRAINT `craft_templatecachecriteria_cacheId_fk` FOREIGN KEY (`cacheId`) REFERENCES `craft_templatecaches` (`id`) ON DELETE CASCADE;

--
-- Constraints for table `craft_templatecacheelements`
--
ALTER TABLE `craft_templatecacheelements`
	ADD CONSTRAINT `craft_templatecacheelements_cacheId_fk` FOREIGN KEY (`cacheId`) REFERENCES `craft_templatecaches` (`id`) ON DELETE CASCADE,
	ADD CONSTRAINT `craft_templatecacheelements_elementId_fk` FOREIGN KEY (`elementId`) REFERENCES `craft_elements` (`id`) ON DELETE CASCADE;

--
-- Constraints for table `craft_templatecaches`
--
ALTER TABLE `craft_templatecaches`
	ADD CONSTRAINT `craft_templatecaches_locale_fk` FOREIGN KEY (`locale`) REFERENCES `craft_locales` (`locale`) ON DELETE CASCADE ON UPDATE CASCADE;

--
-- Constraints for table `craft_usergroups_users`
--
ALTER TABLE `craft_usergroups_users`
	ADD CONSTRAINT `craft_usergroups_users_groupId_fk` FOREIGN KEY (`groupId`) REFERENCES `craft_usergroups` (`id`) ON DELETE CASCADE,
	ADD CONSTRAINT `craft_usergroups_users_userId_fk` FOREIGN KEY (`userId`) REFERENCES `craft_users` (`id`) ON DELETE CASCADE;

--
-- Constraints for table `craft_userpermissions_usergroups`
--
ALTER TABLE `craft_userpermissions_usergroups`
	ADD CONSTRAINT `craft_userpermissions_usergroups_groupId_fk` FOREIGN KEY (`groupId`) REFERENCES `craft_usergroups` (`id`) ON DELETE CASCADE,
	ADD CONSTRAINT `craft_userpermissions_usergroups_permissionId_fk` FOREIGN KEY (`permissionId`) REFERENCES `craft_userpermissions` (`id`) ON DELETE CASCADE;

--
-- Constraints for table `craft_userpermissions_users`
--
ALTER TABLE `craft_userpermissions_users`
	ADD CONSTRAINT `craft_userpermissions_users_permissionId_fk` FOREIGN KEY (`permissionId`) REFERENCES `craft_userpermissions` (`id`) ON DELETE CASCADE,
	ADD CONSTRAINT `craft_userpermissions_users_userId_fk` FOREIGN KEY (`userId`) REFERENCES `craft_users` (`id`) ON DELETE CASCADE;

--
-- Constraints for table `craft_users`
--
ALTER TABLE `craft_users`
	ADD CONSTRAINT `craft_users_id_fk` FOREIGN KEY (`id`) REFERENCES `craft_elements` (`id`) ON DELETE CASCADE,
	ADD CONSTRAINT `craft_users_preferredLocale_fk` FOREIGN KEY (`preferredLocale`) REFERENCES `craft_locales` (`locale`) ON DELETE SET NULL ON UPDATE CASCADE;

--
-- Constraints for table `craft_widgets`
--
ALTER TABLE `craft_widgets`
	ADD CONSTRAINT `craft_widgets_userId_fk` FOREIGN KEY (`userId`) REFERENCES `craft_users` (`id`) ON DELETE CASCADE;

SET FOREIGN_KEY_CHECKS = 1;
